Sample,Unit,GoodChunks,WvfChunks
18-08-30_YC001_probe1,115,"[0, 1, 2, 3, 4, 5, 6, 7, 8, 9, 10, 11, 12, 13, 14, 15, 16, 17, 18, 19]","[14, 15, 16]"
18-08-30_YC001_probe1,125,"[4, 5, 10, 11, 12, 13, 15, 16, 17, 18, 19]","[10, 11]"
18-08-30_YC001_probe1,129,"[0, 1, 2, 3, 4, 5, 6, 7, 8, 9, 10, 11, 12, 13, 14, 15, 16, 17, 18, 19]","[1, 2, 3]"
18-08-30_YC001_probe1,130,"[0, 1, 2, 3, 4, 5, 6, 7, 8, 9, 10, 11, 12, 13, 14, 15, 16, 17, 18, 19]","[7, 8, 9]"
18-08-30_YC001_probe1,133,"[0, 1, 2, 3, 4, 5, 6, 7, 8, 9, 10, 11, 12, 13, 14, 15, 16, 17, 18, 19]","[17, 19, 18]"
18-08-30_YC001_probe1,134,"[0, 1, 2, 3, 4, 5, 6, 7, 8, 9, 10, 11, 12, 13, 14, 15, 16, 17, 18, 19]","[17, 19, 18]"
18-08-30_YC001_probe1,135,"[0, 1, 2, 3, 4, 5, 6, 7, 8, 9, 10, 11, 12, 13, 14, 15, 16, 17, 18, 19]","[11, 12, 13]"
18-08-30_YC001_probe1,137,"[0, 1, 2, 3, 4, 5, 6, 7, 8, 9, 10, 11, 12, 13, 14, 15, 16, 17, 18, 19]","[8, 9, 10]"
18-08-30_YC001_probe1,139,"[0, 1, 2, 3, 4, 5, 6, 7, 8, 9, 10, 11, 12, 13, 14, 15, 16, 17, 18, 19]","[2, 3, 4]"
18-08-30_YC001_probe1,149,"[0, 1, 2, 3, 4, 5, 6, 7, 8, 9, 10, 11, 12, 13, 14, 15, 16, 17, 18, 19]","[13, 14, 15]"
18-08-30_YC001_probe1,154,"[0, 1, 2, 3, 4, 5, 6, 7, 8, 9, 10, 11, 12, 13, 14, 15, 16, 17, 18, 19]","[12, 13, 14]"
18-08-30_YC001_probe1,155,"[0, 1, 2, 3, 4, 5, 6, 7, 8, 9, 10, 11, 12, 13, 14, 15, 16, 17, 18, 19]","[12, 13, 14]"
18-08-30_YC001_probe1,156,"[0, 1, 2, 3, 4, 5, 6, 7, 8, 9, 10, 11, 12, 13, 14, 15, 16, 17, 18, 19]","[3, 4, 5]"
18-08-30_YC001_probe1,158,"[0, 1, 2, 3, 4, 5, 6, 7, 8, 9, 10, 11, 13, 14, 15, 16, 17, 18, 19]","[16, 17, 18]"
18-08-30_YC001_probe1,159,"[0, 1, 2, 3, 4, 5, 6, 7, 8, 9, 10, 11, 12, 13, 14, 15, 16, 17, 18, 19]","[2, 3, 4]"
18-08-30_YC001_probe1,162,"[0, 1, 2, 3, 4, 5, 6, 7, 8, 9, 10, 11, 12, 13, 14, 15, 16, 17, 18, 19]","[16, 17, 18]"
18-08-30_YC001_probe1,163,"[0, 1, 2, 3, 4, 5, 6, 7, 8, 9, 10, 11, 12, 13, 14, 15, 16, 17, 18, 19]","[1, 0, 2]"
18-08-30_YC001_probe1,166,"[9, 11, 12, 13, 14, 15, 16, 17, 18, 19]","[11, 12]"
18-08-30_YC001_probe1,177,"[2, 4, 6, 7, 8, 9]","[8, 9]"
18-08-30_YC001_probe1,188,"[0, 1, 2, 3, 4, 5, 6, 7, 8, 9, 10, 11, 12, 13, 14, 15, 16, 17, 18, 19]","[5, 6, 7]"
18-08-30_YC001_probe1,189,"[0, 1, 2, 3, 4, 5, 6, 7, 8, 9, 10, 11, 12, 13, 14, 15, 16, 17, 18, 19]","[5, 6, 7]"
18-08-30_YC001_probe1,190,"[0, 1, 2, 3, 4, 5, 6, 7, 8, 9, 10, 11, 12, 13, 14, 15, 16, 17, 18, 19]","[4, 5, 6]"
18-08-30_YC001_probe1,193,"[5, 8, 11, 14]",[14]
18-08-30_YC001_probe1,194,"[1, 10, 11, 12, 13, 14, 15, 16, 17, 18, 19]","[16, 17, 18]"
18-08-30_YC001_probe1,195,"[10, 11]","[10, 11]"
18-08-30_YC001_probe1,198,"[0, 1, 2, 3, 4, 5, 6, 7, 8, 9, 10, 11, 12, 13, 14, 15, 16, 17, 18, 19]","[2, 3, 4]"
18-08-30_YC001_probe1,20,"[0, 1, 2, 3, 4, 5, 6, 7, 8, 9, 10, 11, 12, 13, 14, 15, 16, 17, 18, 19]","[1, 0, 2]"
18-08-30_YC001_probe1,200,"[0, 1, 2, 3, 4, 5, 6, 7, 8, 9, 10, 11, 12, 13, 14, 15, 16, 17, 18, 19]","[6, 7, 8]"
18-08-30_YC001_probe1,201,"[0, 1, 3, 5, 7, 8, 9, 10, 11, 12, 13, 14, 15, 16, 17, 18, 19]","[11, 12, 13]"
18-08-30_YC001_probe1,204,"[0, 1, 2, 3, 4, 5, 6, 7, 8, 9, 10, 11, 12, 13, 14, 15, 16, 17, 18, 19]","[3, 4, 5]"
18-08-30_YC001_probe1,205,"[0, 1, 2, 3, 4, 5, 6, 7, 8, 9, 10, 11, 12, 13, 14, 15, 16, 17, 18, 19]","[7, 8, 9]"
18-08-30_YC001_probe1,206,"[0, 1, 2, 3, 4, 5, 6, 7, 8, 9, 10, 11, 12, 13, 14, 15, 16, 17, 18, 19]","[6, 7, 8]"
18-08-30_YC001_probe1,209,"[0, 1, 2, 3, 4, 5, 6, 7, 8, 9, 10, 11, 12, 13, 14, 15, 16, 17, 18, 19]","[6, 7, 8]"
18-08-30_YC001_probe1,221,"[0, 1, 2, 3, 4, 5, 6, 7, 8, 9, 10, 11, 12, 13, 14, 15, 16, 17, 18, 19]","[7, 8, 9]"
18-08-30_YC001_probe1,227,"[0, 1, 2, 3, 4, 5, 6, 7, 8, 9, 10, 11, 12, 13, 14, 15, 16, 17, 18, 19]","[8, 9, 10]"
18-08-30_YC001_probe1,230,"[0, 1, 2, 3, 4, 5, 6, 7, 8, 9, 10, 11, 12, 13, 14, 15, 16, 17, 18, 19]","[12, 13, 14]"
18-08-30_YC001_probe1,232,"[0, 1, 2, 3, 4, 5, 6, 7, 8, 9, 10, 11, 12, 13, 14, 15, 16, 17, 18, 19]","[13, 14, 15]"
18-08-30_YC001_probe1,233,"[0, 1, 2, 3, 4, 5, 6, 7, 8, 9, 10, 11, 12, 13, 14, 15, 16, 17, 18, 19]","[8, 9, 10]"
18-08-30_YC001_probe1,234,"[0, 1, 2, 3, 4, 5, 6, 7, 8, 9, 10, 11, 12, 13, 14, 15, 16, 17, 18, 19]","[8, 9, 10]"
18-08-30_YC001_probe1,235,"[0, 1, 2, 3, 4, 5, 6, 7, 8, 9, 10, 11, 12, 13, 14, 15, 16, 17, 18, 19]","[17, 19, 18]"
18-08-30_YC001_probe1,238,"[0, 1, 2, 3, 4, 5, 7, 8, 9, 10, 11, 12, 13, 14, 15, 16, 17, 18, 19]","[15, 16, 17]"
18-08-30_YC001_probe1,239,"[0, 1, 2, 3, 4, 5, 6, 7, 8, 11, 12, 13, 14, 15, 16, 17, 18, 19]","[7, 8]"
18-08-30_YC001_probe1,24,[14],[14]
18-08-30_YC001_probe1,240,"[0, 1, 2, 3, 4, 5, 6, 7, 8, 9, 10, 11, 12, 13, 14, 15, 16, 17, 18, 19]","[15, 16, 17]"
18-08-30_YC001_probe1,241,"[0, 1, 2, 3, 4, 5, 6, 7, 8, 9, 10, 11, 12, 13, 14, 15, 16, 17, 18, 19]","[13, 14, 15]"
18-08-30_YC001_probe1,242,"[0, 1, 2, 3, 4, 5, 6, 7, 8, 9, 10, 11, 12, 13, 14, 15, 16, 17, 18, 19]","[9, 10, 11]"
18-08-30_YC001_probe1,245,"[0, 1, 2, 3, 4, 5, 6, 7, 8, 9, 10, 11, 12, 13, 14, 15, 16, 17, 18, 19]","[13, 14, 15]"
18-08-30_YC001_probe1,254,"[0, 1, 2, 3, 4, 5, 6, 7, 8, 9, 10, 11, 12, 13, 14, 15, 16, 17, 18, 19]","[12, 13, 14]"
18-08-30_YC001_probe1,256,"[0, 1, 2, 3, 4, 5, 6, 7, 8, 9, 10, 11, 12, 13, 14, 15, 16, 17, 18, 19]","[12, 13, 14]"
18-08-30_YC001_probe1,258,"[17, 19]",[19]
18-08-30_YC001_probe1,26,"[0, 1, 2, 3, 4, 5, 6, 7, 8, 9, 10, 11, 12, 13, 14, 15, 16, 17, 18, 19]","[14, 15, 16]"
18-08-30_YC001_probe1,261,"[0, 1, 2, 3, 4, 5, 6, 7, 8, 9, 10, 11, 12, 13, 14, 15, 16, 17, 18, 19]","[10, 11, 12]"
18-08-30_YC001_probe1,263,"[0, 1, 2, 3, 4, 5, 6, 7, 8, 9, 10, 11, 12, 13, 14, 15, 16, 17, 18, 19]","[11, 12, 13]"
18-08-30_YC001_probe1,264,"[0, 1, 2, 3, 4, 5, 6, 7, 8, 9, 10, 11, 12, 13, 14, 15, 16, 17, 18, 19]","[11, 12, 13]"
18-08-30_YC001_probe1,266,"[0, 1, 2, 3, 4, 5, 6, 7, 8, 9, 10, 11, 12, 13, 14, 15, 16, 17, 18, 19]","[6, 7, 8]"
18-08-30_YC001_probe1,267,"[0, 1, 2, 3, 4, 5, 6, 7, 8, 9, 10, 11, 12, 13, 14, 15, 16, 17, 18, 19]","[2, 3, 4]"
18-08-30_YC001_probe1,27,"[0, 1, 2, 3, 4, 5, 6, 7, 8, 9, 10, 11, 12, 13, 14, 15, 16, 17, 18, 19]","[5, 6, 7]"
18-08-30_YC001_probe1,272,"[0, 1, 2, 3, 4, 5, 6, 7, 8, 9, 10, 11, 12, 13]","[7, 8, 9]"
18-08-30_YC001_probe1,281,"[0, 1, 2, 3, 4, 5, 6, 7, 8, 9, 10, 11, 12, 13, 14, 15, 16, 17, 18, 19]","[12, 13, 14]"
18-08-30_YC001_probe1,288,"[0, 1, 2, 3, 4, 5, 6, 7, 8, 9, 10, 11, 12, 13, 14, 15, 16, 17, 18, 19]","[10, 11, 12]"
18-08-30_YC001_probe1,291,"[0, 1, 2, 3, 4, 5, 6, 7, 8, 9, 10, 11, 12, 13, 14, 15, 16, 17, 18, 19]","[11, 12, 13]"
18-08-30_YC001_probe1,292,"[0, 1, 2, 3, 4, 5, 6, 7, 8, 9, 10, 11, 12, 13, 14, 15, 16, 17, 18, 19]","[17, 19, 18]"
18-08-30_YC001_probe1,296,"[10, 11, 12]","[10, 11]"
18-08-30_YC001_probe1,298,"[0, 1, 3, 4, 5, 6, 7, 8, 9, 10, 11, 12, 13, 14, 15, 16, 17, 18, 19]","[10, 11, 12]"
18-08-30_YC001_probe1,302,"[0, 1, 2, 3, 4, 5, 6, 7, 8, 9, 10, 11, 12, 13, 14, 15, 16, 17, 18, 19]","[16, 17, 18]"
18-08-30_YC001_probe1,303,"[0, 1, 2, 3, 4, 5, 6, 7, 8, 9, 10, 11, 12, 13, 14, 15, 16, 17, 18, 19]","[17, 19, 18]"
18-08-30_YC001_probe1,304,"[8, 9, 10, 11, 12, 15, 16, 17, 18, 19]","[9, 10, 11]"
18-08-30_YC001_probe1,315,"[0, 1, 2, 3, 4, 5, 6, 7, 8, 9, 10, 11, 12, 13, 14, 15, 16, 17, 18, 19]","[9, 10, 11]"
18-08-30_YC001_probe1,357,"[0, 1, 2, 3, 4, 5, 6, 7, 8, 9, 10, 11, 12, 13, 14, 15, 16, 17, 18, 19]","[4, 5, 6]"
18-08-30_YC001_probe1,358,"[0, 1, 2, 3, 4, 5, 6, 7, 8, 9, 10, 11, 12, 13, 14, 15, 16, 17, 18, 19]","[9, 10, 11]"
18-08-30_YC001_probe1,359,"[0, 2, 3, 4, 5, 6, 7, 8, 9, 10, 11, 12, 13, 14, 15, 16, 19]","[10, 11, 12]"
18-08-30_YC001_probe1,362,"[0, 1, 2, 3, 4, 5, 6, 7, 8, 9, 10, 11, 12, 13, 14, 15, 16, 17, 18, 19]","[10, 11, 12]"
18-08-30_YC001_probe1,369,"[0, 1, 2, 3, 4, 5, 6, 7, 8, 9, 10, 11, 12, 13, 14, 15, 16, 17, 18, 19]","[17, 18, 19]"
18-08-30_YC001_probe1,376,"[0, 1, 3, 4, 5, 6, 7, 8, 9, 10, 11, 12, 13, 16, 18, 19]","[1, 0]"
18-08-30_YC001_probe1,377,"[9, 16, 17, 19]",[19]
18-08-30_YC001_probe1,396,"[0, 1, 2, 3, 4, 5, 6, 7, 10, 12, 13, 14, 16, 17, 19]","[16, 17]"
18-08-30_YC001_probe1,398,"[0, 1, 2, 3, 4, 5, 6, 7, 8, 9, 10, 11, 12, 13, 14, 15, 16, 17, 18, 19]","[4, 5, 6]"
18-08-30_YC001_probe1,399,"[0, 1, 2, 3, 4, 5, 6, 7, 8, 9, 10, 11, 12, 13, 14, 15, 16, 17, 18, 19]","[16, 17, 18]"
18-08-30_YC001_probe1,44,"[2, 3, 5, 11, 13]",[13]
18-08-30_YC001_probe1,45,"[0, 1, 2, 3, 4, 5, 6, 7, 8, 9, 10, 11, 12, 13, 14, 15, 16, 17, 18, 19]","[1, 2, 3]"
18-08-30_YC001_probe1,46,"[0, 1, 2, 3, 4, 5, 6, 7, 8, 13]","[5, 6, 7]"
18-08-30_YC001_probe1,465,"[0, 1, 2, 3, 4, 5, 6, 7, 8, 9, 10, 11, 12, 13, 14, 15, 16, 17, 18, 19]","[3, 4, 5]"
18-08-30_YC001_probe1,48,"[0, 2, 3, 4, 5, 8, 9, 10, 11, 12, 15, 17, 18, 19]","[17, 18]"
18-08-30_YC001_probe1,494,"[0, 1, 2, 3, 4, 5, 6, 7, 8, 9, 10, 11, 12, 13, 14, 15, 16, 17, 18, 19]","[8, 9, 10]"
18-08-30_YC001_probe1,516,"[5, 8, 13, 14, 17, 18]","[17, 18]"
18-08-30_YC001_probe1,54,"[0, 1, 2, 3, 4, 5, 6, 7, 8, 9, 10, 11, 12, 13, 14, 15, 16, 17, 18, 19]","[2, 3, 4]"
18-08-30_YC001_probe1,565,"[0, 2, 3, 4, 5, 6, 8, 9, 10, 11, 12, 13, 14, 15, 16, 17, 18, 19]","[8, 9, 10]"
18-08-30_YC001_probe1,69,"[0, 1, 2, 3, 4, 5, 6, 7, 8, 9, 10, 11, 12, 13, 14, 15, 16, 17, 18, 19]","[11, 12, 13]"
18-08-30_YC001_probe1,70,"[0, 1, 2, 3, 4, 5, 6, 7, 8, 9, 10, 11, 12, 13, 14, 15, 16, 17, 18, 19]","[1, 0, 2]"
18-08-30_YC001_probe1,71,"[0, 1, 2, 3, 4, 5, 6, 7, 8, 9, 10, 11, 12, 13, 14, 15, 16, 17, 18, 19]","[12, 13, 14]"
18-08-30_YC001_probe1,76,"[1, 2, 3, 4, 5, 6, 7, 8, 9, 10, 11, 12, 13, 14, 15, 16, 17, 18, 19]","[17, 19, 18]"
18-08-30_YC001_probe1,78,[3],[3]
18-08-30_YC001_probe1,82,"[0, 1, 2, 3, 4, 5, 6, 7, 8, 9, 10, 11, 12, 13, 14, 15, 16, 17, 18, 19]","[1, 0, 2]"
18-08-30_YC001_probe1,83,"[0, 1, 2, 3, 4, 5, 6, 7, 8, 9, 10, 11, 12, 13, 14, 15, 16, 17, 18, 19]","[7, 8, 9]"
18-08-30_YC001_probe1,86,"[0, 1, 2, 3, 4, 5, 6, 7, 8, 9, 10, 11, 12, 13, 14, 15, 16, 17, 18, 19]","[4, 5, 6]"
18-08-30_YC001_probe1,89,"[0, 1, 2, 3, 4, 5, 6, 7, 8, 9, 10, 11, 12, 13, 14, 16, 17, 18, 19]","[7, 8, 9]"
18-08-30_YC001_probe1,93,"[0, 1, 2, 3, 4, 5, 6, 7, 8, 9, 10, 11, 12, 13, 14, 15, 16, 17, 18, 19]","[7, 8, 9]"
18-08-30_YC001_probe1,99,"[0, 1, 2, 3, 4, 5, 6, 7, 8, 9, 10, 11, 12, 13, 14, 15, 16, 17, 18, 19]","[6, 7, 8]"
18-08-30_YC002_probe1,10,"[0, 1, 2, 3, 4, 5, 6, 7, 8, 9, 10, 11, 12, 13, 14, 15, 16, 17, 18, 19]","[1, 0, 2]"
18-08-30_YC002_probe1,103,"[0, 1, 2, 3, 4, 5, 6, 7, 8, 9, 10, 11, 12, 13, 14, 15, 16, 17, 18, 19]","[2, 3, 4]"
18-08-30_YC002_probe1,106,"[0, 1, 2, 3, 4, 5, 6, 7, 8, 9, 10, 11, 12, 13, 14, 15, 16, 17, 18, 19]","[17, 19, 18]"
18-08-30_YC002_probe1,111,"[0, 1, 2, 3, 4, 5, 6, 7, 8, 9, 10, 11, 12, 13, 14, 15, 16, 17, 18, 19]","[14, 15, 16]"
18-08-30_YC002_probe1,12,"[0, 1, 2, 3, 4, 5, 6, 7, 8, 9, 10, 11, 12, 13, 14, 15, 16, 17, 18, 19]","[17, 19, 18]"
18-08-30_YC002_probe1,123,"[0, 1, 2, 3, 4, 5, 6, 7, 8, 9, 10, 11, 12, 13, 14, 15, 16, 17, 18, 19]","[17, 19, 18]"
18-08-30_YC002_probe1,129,"[0, 1, 2, 3, 4, 5, 6, 7, 8, 9, 10, 11, 12, 13, 14, 15, 16, 17, 18, 19]","[11, 12, 13]"
18-08-30_YC002_probe1,140,[10],[10]
18-08-30_YC002_probe1,142,"[0, 1, 2, 3, 4, 5, 6, 7, 8, 9, 10, 11, 12, 13, 14, 15, 16, 17, 18, 19]","[11, 12, 13]"
18-08-30_YC002_probe1,144,"[0, 1, 2, 3, 4, 5, 6, 7, 8, 9, 10, 11, 12, 13, 14, 15, 16, 17, 18, 19]","[14, 15, 16]"
18-08-30_YC002_probe1,147,"[0, 1, 2, 3, 4, 5, 6, 7, 8, 9, 10, 11, 12, 13, 14, 15, 16, 17, 18, 19]","[8, 9, 10]"
18-08-30_YC002_probe1,149,"[6, 7, 8, 9, 10, 11, 12, 13, 14, 15, 16, 17, 18, 19]","[10, 11, 12]"
18-08-30_YC002_probe1,153,"[0, 1, 2, 3, 4, 5, 6, 7, 8, 9, 10, 11, 12, 13, 14, 15, 16, 17, 18, 19]","[5, 6, 7]"
18-08-30_YC002_probe1,157,"[0, 1, 2, 3, 4, 5, 6, 7, 8, 9, 10, 11, 12, 13, 14, 15, 16, 17, 18, 19]","[12, 13, 14]"
18-08-30_YC002_probe1,158,"[1, 8, 9, 10, 12, 13, 14]","[8, 9, 10]"
18-08-30_YC002_probe1,16,"[1, 2, 6, 7, 9, 10, 11]","[10, 11]"
18-08-30_YC002_probe1,163,"[16, 18, 19]","[19, 18]"
18-08-30_YC002_probe1,169,"[1, 3, 6, 7, 8, 10, 11, 12, 13, 14, 15, 16, 17, 19]","[11, 12, 13]"
18-08-30_YC002_probe1,170,"[0, 1, 2, 3, 4, 5, 6, 7, 8, 9, 10, 11, 12, 13, 14, 15, 16, 17, 18, 19]","[6, 7, 8]"
18-08-30_YC002_probe1,173,"[0, 1, 2, 3, 4, 5, 6, 7, 8, 9, 10, 11, 12, 13, 14, 15, 16, 17, 18, 19]","[1, 0, 2]"
18-08-30_YC002_probe1,180,"[0, 1, 2, 3, 4, 5, 6, 7, 8, 9, 10, 11, 12, 13, 14, 15, 16, 17, 18, 19]","[0, 1, 2]"
18-08-30_YC002_probe1,205,"[17, 18, 19]","[17, 18]"
18-08-30_YC002_probe1,21,"[10, 12, 13]",[10]
18-08-30_YC002_probe1,210,"[12, 14]",[14]
18-08-30_YC002_probe1,22,"[10, 11, 12, 14, 15, 16, 17, 18, 19]","[14, 15]"
18-08-30_YC002_probe1,255,"[0, 1, 2, 3, 4, 5, 6, 7, 8, 9, 10, 11, 12, 13, 14, 15, 17]","[14, 15]"
18-08-30_YC002_probe1,26,"[0, 1, 2, 4, 5, 7, 9, 10, 12]","[1, 0, 2]"
18-08-30_YC002_probe1,272,"[0, 1, 2, 3, 4, 5, 6, 7, 8, 9, 10, 11, 12, 13, 14, 15, 16, 17, 18, 19]","[7, 8, 9]"
18-08-30_YC002_probe1,275,"[0, 1, 2, 3, 4, 5, 6, 7, 8, 9, 10, 11, 12, 13, 14, 15, 16, 17, 18, 19]","[11, 12, 13]"
18-08-30_YC002_probe1,31,"[0, 1, 2, 3, 4, 5, 6, 7, 8, 9, 10, 11, 12, 13, 14, 15, 16, 17, 18, 19]","[0, 1, 2]"
18-08-30_YC002_probe1,327,"[0, 1, 2, 3, 4, 5, 6, 7, 8, 9, 10, 11, 12, 13, 14, 15, 16, 17, 18, 19]","[1, 0, 2]"
18-08-30_YC002_probe1,330,"[0, 1, 2, 3, 4, 7, 8, 9, 10, 16, 19]","[1, 2, 3]"
18-08-30_YC002_probe1,35,"[0, 1, 2, 3, 4, 5, 6, 7, 8, 9, 10, 11, 12, 13, 15, 16, 17, 18, 19]","[1, 2, 3]"
18-08-30_YC002_probe1,36,"[0, 1, 2, 3, 4, 5, 6, 7, 8, 9, 10, 11, 12, 13, 14, 15, 16, 17, 18, 19]","[4, 5, 6]"
18-08-30_YC002_probe1,37,"[0, 1, 2, 3, 4, 5, 6, 7, 8, 9, 10, 11, 12, 13, 14, 15, 16, 17, 18, 19]","[1, 0, 2]"
18-08-30_YC002_probe1,39,"[0, 1, 2, 3, 5, 6, 7, 8, 9, 10, 11, 12, 13, 14, 15, 16, 17, 18, 19]","[17, 18, 19]"
18-08-30_YC002_probe1,41,"[0, 1, 2, 3, 4, 5, 6, 7, 8, 9, 10, 11, 12, 13, 14, 15, 16, 17, 18, 19]","[14, 15, 16]"
18-08-30_YC002_probe1,51,"[0, 1, 2, 3, 4, 5, 6, 7, 8, 9, 10, 11, 12, 13, 14, 15, 16, 17, 18, 19]","[10, 11, 12]"
18-08-30_YC002_probe1,59,"[0, 1, 2, 3, 4, 5, 6, 7, 8, 9, 10, 11, 12, 13, 14, 15, 16, 17, 18, 19]","[17, 19, 18]"
18-08-30_YC002_probe1,60,"[0, 1, 2, 3, 4, 5, 6, 7, 8, 9, 10, 11, 12, 13, 14, 15, 16, 17, 18, 19]","[15, 16, 17]"
18-08-30_YC002_probe1,72,"[0, 1, 2, 3, 4, 5, 6, 7, 8, 9, 10, 11, 12, 13, 14, 15, 16, 17, 18, 19]","[9, 10, 11]"
18-08-30_YC002_probe1,86,"[0, 1, 2, 3, 4, 5, 6, 7, 8, 9, 10, 11, 12, 13, 14, 15, 16, 17, 18, 19]","[0, 1, 2]"
18-08-30_YC002_probe1,94,"[3, 4, 8, 9]","[8, 9]"
18-08-30_YC002_probe1,95,"[0, 1, 2, 3, 4, 5, 6, 7, 8, 9, 10, 11, 12, 13, 14, 15, 16, 17, 18, 19]","[17, 18, 19]"
18-08-31_YC003_probe1,0,"[0, 1, 3, 4, 5, 6, 7, 8, 9, 10, 11, 12, 13, 14, 15, 16, 17, 18, 19]","[11, 12, 13]"
18-08-31_YC003_probe1,101,"[0, 1, 2, 3, 4, 5, 6, 7, 8, 9, 10, 11, 12, 13, 14, 15, 16, 17, 18, 19]","[1, 0, 2]"
18-08-31_YC003_probe1,102,"[0, 4]",[0]
18-08-31_YC003_probe1,122,"[0, 1, 2, 3, 4, 5, 6, 7, 8, 9, 10, 11, 12, 13, 14, 15, 16, 17, 18, 19]","[2, 3, 4]"
18-08-31_YC003_probe1,124,"[0, 1, 2, 3, 4, 5, 6, 7, 8, 9, 10, 11, 12, 13, 14, 15, 16, 17, 18, 19]","[8, 9, 10]"
18-08-31_YC003_probe1,127,"[0, 1, 2, 3, 4, 5, 6, 7, 8, 9, 10, 11, 12, 13, 14, 15, 16, 17, 18, 19]","[17, 18, 19]"
18-08-31_YC003_probe1,132,"[10, 11, 13, 17, 18, 19]","[10, 11]"
18-08-31_YC003_probe1,133,"[0, 1, 2, 3, 4, 5, 6, 7, 8, 9, 10, 11, 12, 13, 14, 15, 16, 17, 18, 19]","[7, 8, 9]"
18-08-31_YC003_probe1,134,"[0, 1, 2, 3, 4, 5, 6, 7, 8, 9, 10, 11, 12, 13, 14, 15, 16, 17, 18, 19]","[5, 6, 7]"
18-08-31_YC003_probe1,135,"[0, 1, 2, 3, 4, 5, 6, 7, 8, 9, 10, 11, 12, 13, 14, 15, 16, 17, 18, 19]","[5, 6, 7]"
18-08-31_YC003_probe1,137,"[0, 1, 2, 3, 4, 5, 6, 7, 8, 9, 10, 11, 12, 13, 14, 15, 16, 17, 18, 19]","[2, 3, 4]"
18-08-31_YC003_probe1,139,"[0, 1, 2, 3, 4, 5, 6, 7, 8, 9, 10, 11, 12, 13, 14, 15, 16, 17, 18, 19]","[17, 19, 18]"
18-08-31_YC003_probe1,152,"[0, 1, 2, 3, 4, 5, 6, 7, 8, 9, 10, 11, 12, 13, 14, 15, 16, 17, 18, 19]","[1, 2, 3]"
18-08-31_YC003_probe1,160,"[0, 1, 2, 3, 4, 5, 6, 7, 8, 9, 10, 11, 12, 13, 14, 15, 16, 17, 18, 19]","[2, 3, 4]"
18-08-31_YC003_probe1,162,"[0, 1, 2, 3, 4, 5, 6, 7, 8, 9, 10, 11, 12, 13, 14, 15, 16, 17, 18, 19]","[14, 15, 16]"
18-08-31_YC003_probe1,169,"[0, 1, 2, 3, 4, 5, 6, 7, 8, 9, 10, 11, 12, 13, 14, 15, 16, 17, 18, 19]","[17, 19, 18]"
18-08-31_YC003_probe1,170,[19],[19]
18-08-31_YC003_probe1,173,"[2, 4]",[2]
18-08-31_YC003_probe1,175,"[0, 1, 2, 3, 4, 5, 6, 7, 8, 9, 10, 11, 12, 13, 14, 15, 16, 17, 18, 19]","[17, 19, 18]"
18-08-31_YC003_probe1,181,"[1, 2, 4, 5, 8, 9, 10, 11, 12, 13, 14, 15, 16, 17, 18]","[16, 17, 18]"
18-08-31_YC003_probe1,184,"[0, 1, 2, 3, 4, 5, 6, 7, 8, 9, 10, 11, 12, 13, 14, 15, 16, 17, 18, 19]","[12, 13, 14]"
18-08-31_YC003_probe1,186,"[0, 1, 2, 3, 4, 5, 6, 7, 8, 9, 10, 11, 12, 13, 14, 15, 16, 17, 18, 19]","[17, 18, 19]"
18-08-31_YC003_probe1,187,"[0, 1, 2, 3, 4, 5, 6, 7, 8, 9, 10, 11, 12, 13, 14, 15, 16, 17, 18, 19]","[8, 9, 10]"
18-08-31_YC003_probe1,189,"[5, 8, 16, 17]","[16, 17]"
18-08-31_YC003_probe1,190,"[0, 1, 2, 3, 4, 5, 6, 7, 8, 9, 10, 11, 12, 13, 14, 15, 16, 17, 18, 19]","[17, 19, 18]"
18-08-31_YC003_probe1,194,"[0, 1, 2, 3, 4, 5, 6, 7, 8, 9, 10, 11, 12, 13, 14, 15, 16, 17, 18, 19]","[8, 9, 10]"
18-08-31_YC003_probe1,196,"[0, 1, 2, 3, 4, 5, 6, 7, 8, 9, 10, 11, 12, 13, 14, 15, 16, 17, 18, 19]","[7, 8, 9]"
18-08-31_YC003_probe1,201,"[0, 1, 2, 3, 4, 5, 6, 7, 8, 9, 10, 11, 12, 13, 14, 15, 16, 17, 18, 19]","[4, 5, 6]"
18-08-31_YC003_probe1,208,"[0, 1, 2, 3, 4, 5, 6, 7, 8, 9, 10, 11, 12, 13, 14, 15, 16, 17, 18, 19]","[17, 19, 18]"
18-08-31_YC003_probe1,209,"[0, 1, 2, 3, 4, 5, 6, 7, 8, 9, 10, 11, 12, 13, 14, 15, 16, 17, 18, 19]","[16, 17, 18]"
18-08-31_YC003_probe1,218,"[6, 7, 17]","[6, 7]"
18-08-31_YC003_probe1,222,"[0, 1, 2, 3, 4, 5, 6, 7, 8, 9, 10, 11, 12, 13, 14, 15, 16, 17, 18, 19]","[16, 17, 18]"
18-08-31_YC003_probe1,223,"[17, 18, 19]","[17, 18]"
18-08-31_YC003_probe1,224,[15],[15]
18-08-31_YC003_probe1,229,"[0, 1, 2, 3, 4, 5, 6, 7, 8, 9, 10, 11, 12, 13, 14, 15, 16, 17, 18, 19]","[14, 15, 16]"
18-08-31_YC003_probe1,230,"[3, 4, 6, 10, 11, 12, 13, 14, 15, 16, 17, 18, 19]","[17, 19, 18]"
18-08-31_YC003_probe1,231,"[0, 1, 2, 3, 4, 5, 6, 7, 8, 9, 10, 11, 12, 13, 14, 15, 16, 17, 18, 19]","[10, 11, 12]"
18-08-31_YC003_probe1,232,"[0, 1, 2, 3, 4, 5, 6, 7, 8, 9, 10, 11, 12, 13, 14, 15, 16, 17, 18, 19]","[9, 10, 11]"
18-08-31_YC003_probe1,239,"[12, 18, 19]","[18, 19]"
18-08-31_YC003_probe1,257,"[0, 1, 2, 3, 4, 5, 6, 7, 8, 9, 10, 11, 12, 13]","[3, 4, 5]"
18-08-31_YC003_probe1,277,"[0, 1, 2, 3, 4, 5, 6, 7, 8, 9, 10, 11, 12, 13, 14, 15, 16, 17, 18, 19]","[9, 10, 11]"
18-08-31_YC003_probe1,292,"[1, 3, 4, 5, 6, 7, 8, 9, 10, 11, 12, 13, 14, 15, 16, 17, 18, 19]","[17, 19, 18]"
18-08-31_YC003_probe1,295,"[8, 10, 12, 13, 14, 16, 17]","[16, 17]"
18-08-31_YC003_probe1,298,"[9, 11, 16, 19]",[19]
18-08-31_YC003_probe1,300,"[0, 1, 2, 3, 4, 5, 6, 7, 8, 9, 10, 11, 12, 13, 14, 15, 16, 17, 18, 19]","[17, 19, 18]"
18-08-31_YC003_probe1,311,"[0, 1, 2, 3, 4, 5, 6, 7, 8, 9, 10, 11, 12, 13, 14, 15, 16, 17, 18, 19]","[1, 0, 2]"
18-08-31_YC003_probe1,332,"[0, 1, 2, 3, 4, 5, 6, 7, 8, 9, 10, 11, 12, 13, 14, 15, 16, 17, 18, 19]","[13, 14, 15]"
18-08-31_YC003_probe1,343,"[0, 2, 3, 4, 5, 6, 7, 8, 10, 11, 12, 14, 15, 16, 17, 18, 19]","[2, 3, 4]"
18-08-31_YC003_probe1,355,"[2, 4, 5, 6, 7, 9, 10, 11, 12, 15, 18, 19]",[15]
18-08-31_YC003_probe1,377,"[0, 10]",[10]
18-08-31_YC003_probe1,381,"[0, 1, 2, 3, 4, 5, 6, 7, 8, 9, 10, 11, 12, 13, 14, 15, 16, 17, 18, 19]","[0, 1, 2]"
18-08-31_YC003_probe1,393,"[0, 1, 2, 3, 4, 5, 6, 7, 8, 9, 10, 11, 12, 13, 14, 15, 16, 17, 18, 19]","[3, 4, 5]"
18-08-31_YC003_probe1,457,"[2, 3, 6, 8, 9, 10, 12, 13, 17, 18]","[2, 3]"
18-08-31_YC003_probe1,485,"[0, 2, 3, 10, 11, 14]","[10, 11]"
18-08-31_YC003_probe1,54,"[0, 1, 2, 3, 4, 5, 6, 7, 8, 9, 10, 11, 12, 13, 14, 15, 16, 17, 18, 19]","[3, 4, 5]"
18-08-31_YC003_probe1,560,"[0, 1, 2, 3, 4, 5, 6, 7, 8, 9, 10, 11, 12, 13, 14, 15, 16, 17, 18, 19]","[0, 1, 2]"
18-08-31_YC003_probe1,57,"[0, 1, 2, 3, 4, 5, 6, 7, 8, 9, 10, 11, 12, 13, 14, 15, 16, 17, 18, 19]","[6, 7, 8]"
18-08-31_YC003_probe1,58,"[0, 1, 2, 3, 4, 5, 6, 7, 8, 9, 10, 11, 12, 13, 14, 15, 16, 17, 18, 19]","[14, 15, 16]"
18-08-31_YC003_probe1,641,"[0, 1, 2, 3, 4, 5, 6, 7, 8, 9, 10, 11, 12, 13, 14, 15, 16, 17, 19]","[2, 3, 4]"
18-08-31_YC003_probe1,659,"[0, 1, 2, 3, 4, 5, 6, 7, 8, 9, 10, 11, 12, 13, 14, 15, 16, 17, 18, 19]","[15, 16, 17]"
18-08-31_YC003_probe1,78,"[0, 1, 2, 3, 4, 5, 6, 7, 8, 9, 10, 11, 12, 13, 14, 15, 16, 17, 18, 19]","[8, 9, 10]"
18-08-31_YC003_probe1,80,"[0, 1, 2, 3, 4, 5, 6, 7, 8, 9, 10, 11, 12, 13, 14, 15, 16, 17, 18, 19]","[14, 15, 16]"
18-08-31_YC003_probe1,81,"[0, 1, 2, 3, 4, 5, 6, 7, 8, 9, 10, 11, 12, 13, 14, 15, 16, 17, 18, 19]","[4, 5, 6]"
18-08-31_YC003_probe1,92,"[0, 1, 2, 3, 4, 5, 6, 7, 8, 9, 10, 11, 12, 13, 14, 15, 16, 17, 18, 19]","[9, 10, 11]"
18-08-31_YC003_probe1,97,"[0, 1, 2, 3, 4, 5, 6, 7, 8, 9, 10, 11, 12, 13, 14, 15, 16, 17, 18, 19]","[1, 0, 2]"
18-08-31_YC004_probe1,102,[2],[2]
18-08-31_YC004_probe1,107,"[0, 1, 2, 3, 4, 5, 6, 7, 8, 9, 10, 11, 12, 13, 14, 15, 16, 17, 18, 19]","[16, 17, 18]"
18-08-31_YC004_probe1,128,"[0, 1, 2, 3, 4, 5, 6, 7, 8, 9, 10, 11, 12, 13, 14, 15, 16, 17, 18, 19]","[0, 1, 2]"
18-08-31_YC004_probe1,130,[19],[19]
18-08-31_YC004_probe1,164,"[0, 1, 2, 3, 4, 5, 6, 7, 8, 9, 14, 16, 17, 18]","[3, 4, 5]"
18-08-31_YC004_probe1,200,"[0, 1, 2, 3, 4, 5, 6, 7, 8, 9, 10, 11, 12, 13, 14, 15, 16, 17, 18, 19]","[0, 1, 2]"
18-08-31_YC004_probe1,22,"[1, 2, 3, 4, 5, 6, 7, 8, 9, 10, 11, 12, 13, 14, 15, 16, 17, 18, 19]","[4, 5, 6]"
18-08-31_YC004_probe1,26,"[0, 1, 2, 3, 4, 5, 6, 7, 8, 9, 10, 11, 12, 13, 14, 15, 16, 17, 18, 19]","[5, 6, 7]"
18-08-31_YC004_probe1,28,"[3, 8, 14]",[14]
18-08-31_YC004_probe1,60,"[0, 1, 2, 3, 4, 5, 6, 7, 8, 9, 10, 11, 12, 13, 14, 15, 16, 17, 18, 19]","[17, 19, 18]"
18-08-31_YC004_probe1,63,[0],[0]
18-08-31_YC004_probe1,65,"[0, 1, 2, 3, 4, 5, 6, 7, 8, 9, 10, 11, 12, 13, 14, 15, 16, 17, 18, 19]","[10, 11, 12]"
18-08-31_YC004_probe1,69,"[8, 12, 13]","[12, 13]"
18-08-31_YC004_probe1,73,"[0, 1, 2, 3, 4, 5, 6, 7, 8, 9, 10, 11, 12, 13, 14, 15, 16, 17, 18, 19]","[12, 13, 14]"
18-08-31_YC004_probe1,74,"[0, 1, 2, 3, 4, 5, 6, 7, 8, 9, 10, 11, 12, 13, 14, 15, 16, 17, 18, 19]","[8, 9, 10]"
18-08-31_YC004_probe1,83,"[0, 1, 2, 3, 4, 5, 6, 7, 8, 9, 10, 11, 12, 13, 14, 15, 16, 17, 18, 19]","[11, 12, 13]"
18-08-31_YC004_probe1,90,"[2, 3, 5, 6, 7, 8, 10, 12, 14, 15, 17, 18, 19]","[14, 15]"
18-08-31_YC004_probe1,92,"[2, 4, 6, 7, 8, 9, 10, 11, 12, 13, 14, 15, 16, 17, 18, 19]","[17, 19, 18]"
18-09-03_YC005_probe1,0,"[0, 1, 2, 3, 4, 5, 6, 7, 8, 9, 10, 11, 12, 13, 14, 15, 16, 17, 18, 19]","[1, 0, 2]"
18-09-03_YC005_probe1,107,"[10, 11, 12, 13, 14, 15, 16, 17, 18, 19]","[12, 13, 14]"
18-09-03_YC005_probe1,115,"[0, 1, 2, 3, 4, 5, 6, 7, 8, 9, 10, 11, 12, 13, 14, 15, 16, 17, 18, 19]","[17, 18, 19]"
18-09-03_YC005_probe1,117,"[0, 1, 2, 3, 4, 5, 6, 7, 8, 9, 10, 11, 12, 13, 14, 15, 16, 17, 18, 19]","[17, 19, 18]"
18-09-03_YC005_probe1,120,"[0, 1, 4, 5, 6, 7, 8, 9, 10, 11, 12, 13, 15, 16, 17, 18, 19]","[16, 17, 18]"
18-09-03_YC005_probe1,121,"[0, 1, 2, 3, 4, 5, 6, 7, 8, 9, 10, 11, 12, 13, 14, 15, 16, 17, 18, 19]","[16, 17, 18]"
18-09-03_YC005_probe1,123,"[0, 1, 2, 3, 4, 5, 6, 7, 8, 9, 10, 11, 12, 13, 14, 15, 16, 17, 18, 19]","[17, 18, 19]"
18-09-03_YC005_probe1,126,"[0, 1, 2, 3, 4, 5, 6, 7, 8, 9, 10, 11, 12, 13, 14, 15, 16, 17, 18, 19]","[15, 16, 17]"
18-09-03_YC005_probe1,130,"[0, 1, 2, 4, 8, 9, 10, 12, 13, 14, 15, 16, 17, 18, 19]","[17, 19, 18]"
18-09-03_YC005_probe1,133,"[0, 1, 2, 3, 4, 5, 6, 7, 8, 9, 10, 11, 12, 13, 14, 15, 16, 17, 18, 19]","[17, 19, 18]"
18-09-03_YC005_probe1,150,"[4, 11, 15, 16, 17, 18, 19]","[17, 19, 18]"
18-09-03_YC005_probe1,169,"[0, 2, 3, 5, 7, 8, 9, 10, 11, 12, 13, 15, 16, 17, 18, 19]","[17, 19, 18]"
18-09-03_YC005_probe1,177,"[0, 1, 2, 3, 4, 5, 6, 7, 8, 9, 10, 11, 12, 13, 14, 15, 16, 17, 18, 19]","[1, 2, 3]"
18-09-03_YC005_probe1,210,"[2, 3, 4, 7, 8, 9, 11, 12, 13, 14, 15, 16, 17, 18, 19]","[15, 16, 17]"
18-09-03_YC005_probe1,35,"[0, 1, 2, 3, 4, 5, 6, 7, 8, 9, 10, 11, 12, 13, 14, 15, 16, 17, 18, 19]","[0, 1, 2]"
18-09-03_YC005_probe1,36,"[0, 1, 2, 3, 4, 5, 6, 7, 8, 9, 10, 11, 12, 13, 14, 15, 16, 17, 18, 19]","[16, 17, 18]"
18-09-03_YC005_probe1,37,"[0, 1, 2, 3, 4, 5, 6, 7, 8, 9, 10, 11, 12, 13, 14, 15, 16, 17, 18, 19]","[9, 10, 11]"
18-09-03_YC005_probe1,50,"[4, 5, 6, 12]","[4, 5]"
18-09-03_YC005_probe1,52,"[0, 1, 2, 3, 4, 5, 6, 7, 8, 9, 10, 11, 12, 13, 14, 15, 16, 17, 18, 19]","[15, 16, 17]"
18-09-03_YC005_probe1,67,"[0, 1, 2, 3, 4, 5, 6, 7, 8, 9, 10, 11, 12, 13, 14, 15, 16, 17, 18, 19]","[6, 7, 8]"
18-09-03_YC005_probe1,68,"[0, 1, 2, 3, 4, 5, 6, 7, 8, 9, 10, 11, 12, 13, 14, 15, 16, 17, 18, 19]","[14, 15, 16]"
18-09-03_YC005_probe1,70,"[0, 1, 2, 3, 4, 5, 6, 7, 8, 9, 10, 11, 12, 13, 14, 15, 16, 17, 18, 19]","[11, 12, 13]"
18-09-03_YC005_probe1,71,"[0, 1, 2, 3, 4, 5, 6, 7, 8, 9, 10, 11, 12, 13, 14, 15, 16, 17, 18, 19]","[1, 0, 2]"
18-09-03_YC005_probe1,73,"[0, 1, 2, 3, 4, 5, 6, 7, 8, 9, 10, 11, 12, 13, 14, 15, 16, 17, 18, 19]","[1, 0, 2]"
18-09-03_YC005_probe1,74,"[0, 1, 2, 3, 4, 5, 6, 7, 8, 9, 10, 11, 12, 13, 14, 15, 16, 17, 18, 19]","[5, 6, 7]"
18-09-03_YC005_probe1,77,"[0, 1, 2, 3, 4, 5, 6, 7, 8, 9, 10, 11, 12, 13, 14, 15, 16, 17, 18, 19]","[4, 5, 6]"
18-09-03_YC005_probe1,78,"[0, 1, 3, 5, 9, 11, 15, 16, 17, 18, 19]","[17, 19, 18]"
18-09-03_YC005_probe1,79,"[0, 1, 2, 3, 4, 5, 6, 7, 8, 9, 10, 11, 13, 14, 15, 16, 17, 18, 19]","[14, 15, 16]"
18-09-03_YC005_probe1,80,"[0, 1, 2, 4, 5, 6, 7, 8, 12, 13, 14, 15, 16, 17, 18, 19]","[14, 15, 16]"
18-09-03_YC005_probe1,81,"[0, 1, 2, 3, 4, 5, 6, 7, 8, 9, 10, 11, 12, 13, 14, 15, 16, 17, 18, 19]","[5, 6, 7]"
18-09-03_YC005_probe1,84,"[0, 1, 2, 3, 4, 5, 6, 7, 8, 9, 10, 11, 12, 13, 14, 15, 16, 17, 18, 19]","[17, 18, 19]"
18-09-03_YC005_probe1,90,"[0, 1, 2, 3, 4, 5, 6, 7, 8, 9, 10, 11, 12, 13, 14, 15, 16, 17, 18, 19]","[2, 3, 4]"
18-09-03_YC005_probe1,93,"[0, 1, 2, 3, 4, 5, 6, 7, 8, 9, 10, 11, 12, 13, 14, 15, 16, 17, 18, 19]","[13, 14, 15]"
18-09-03_YC005_probe1,96,"[0, 1, 2, 3, 4, 5, 6, 7, 8, 9, 10, 11, 12, 13, 14, 15, 16, 17, 18, 19]","[11, 12, 13]"
18-09-03_YC006_probe1,104,"[3, 4, 5, 6, 7, 8, 9, 10, 11, 12, 13, 14, 15, 16, 17, 18, 19]","[17, 19, 18]"
18-09-03_YC006_probe1,119,"[0, 1, 2, 3, 4]","[3, 4]"
18-09-03_YC006_probe1,159,"[0, 1, 2, 3, 4, 5, 6, 7, 11, 12, 13, 15, 19]","[5, 6, 7]"
18-09-03_YC006_probe1,19,"[2, 3, 4, 5, 6, 7, 8, 9, 10, 11, 12, 13, 14, 15, 16, 17, 18, 19]","[2, 3, 4]"
18-09-03_YC006_probe1,20,"[0, 1, 3, 5, 6, 7, 8, 9, 10, 11, 12, 13, 14, 15, 16, 17, 18, 19]","[0, 1]"
18-09-03_YC006_probe1,225,"[0, 1, 2, 3, 4, 5, 6, 7, 8, 9, 10, 11, 12, 13, 14, 15, 16, 17, 18, 19]","[12, 13, 14]"
18-09-03_YC006_probe1,258,"[0, 1, 2, 3, 4, 5, 6, 7, 8, 9, 10, 11, 12, 13, 14, 15, 16, 17, 18, 19]","[11, 12, 13]"
18-09-03_YC006_probe1,31,"[0, 1, 2, 3, 4, 5, 6, 7, 8, 9, 10, 11, 12, 13, 14, 15, 16, 17, 18, 19]","[1, 0, 2]"
18-09-03_YC006_probe1,373,"[0, 1, 2, 3, 4, 5, 6, 7, 8, 9, 10, 11, 12, 13, 14, 15, 16, 17, 18, 19]","[6, 7, 8]"
18-09-03_YC006_probe1,388,"[0, 1, 2, 3, 4, 5, 6, 7, 8, 9, 10, 11, 12, 13, 14, 15, 16, 17, 18, 19]","[14, 15, 16]"
18-09-03_YC006_probe1,41,"[0, 1, 2, 3, 4, 5, 6, 7, 8, 9, 10, 11, 12, 13, 14, 15, 16, 17, 18, 19]","[17, 19, 18]"
18-09-03_YC006_probe1,62,"[3, 4, 5, 6, 7, 8, 9, 10, 11, 12, 13, 14, 15, 16, 17, 18, 19]","[12, 13, 14]"
18-09-03_YC006_probe1,66,"[0, 1, 2, 3, 4, 5, 6, 7, 8, 9, 10, 11, 12, 13, 14, 15, 16, 17, 18, 19]","[1, 2, 3]"
18-09-03_YC006_probe1,8,"[0, 1, 2, 3, 4, 5, 6, 7, 8, 9, 10, 11, 12, 13, 14, 15, 16, 17, 18, 19]","[17, 18, 19]"
18-09-03_YC006_probe1,82,"[7, 10, 11, 13]","[10, 11]"
18-09-03_YC006_probe1,83,"[2, 3, 5, 6, 7, 8, 10, 11, 12, 13, 14, 15, 17, 18, 19]","[10, 11, 12]"
18-09-03_YC006_probe1,86,"[0, 1, 2, 3, 4, 5, 6, 7, 8, 9, 10, 11, 12, 13, 14, 15, 16, 17, 18, 19]","[0, 1, 2]"
18-09-03_YC006_probe1,98,"[0, 1, 2, 3, 4, 5, 6, 7, 8, 9, 10, 11, 12, 13, 14, 15, 16, 17, 18, 19]","[17, 19, 18]"
19-12-13_YC007_probe1,84,"[9, 15, 16]","[15, 16]"
18-12-13_YC008_probe1,11,"[0, 1, 2, 3, 4, 5, 6, 7, 8, 9, 10, 11, 12, 13, 14, 15, 16, 17, 18, 19]","[11, 12, 13]"
18-12-13_YC008_probe1,12,"[0, 1, 2, 3, 4, 5, 6, 7, 8, 9, 10, 11, 12, 13, 14, 15, 16, 17, 18, 19]","[15, 16, 17]"
18-12-13_YC008_probe1,120,"[0, 1, 2, 4, 5, 6, 7, 8, 9, 10, 11, 12, 13, 14, 15, 16, 17, 18, 19]","[14, 15, 16]"
18-12-13_YC008_probe1,134,"[0, 1, 2, 3, 4, 5, 6, 7, 8, 9, 10, 11, 12, 13, 14, 15, 16, 17, 18, 19]","[17, 18, 19]"
18-12-13_YC008_probe1,149,"[0, 1, 2, 3, 4, 5, 6, 7, 8, 9, 10, 11, 12, 13, 14, 15, 16, 17, 18, 19]","[14, 15, 16]"
18-12-13_YC008_probe1,15,"[0, 1, 2, 3, 4, 5, 6, 7, 8, 9, 10, 11, 12, 13, 14, 15, 16, 17, 18, 19]","[8, 9, 10]"
18-12-13_YC008_probe1,152,"[0, 1, 2, 3, 4, 5, 6, 7, 8, 9, 10, 11, 12, 13, 14, 15, 16, 17, 18, 19]","[8, 9, 10]"
18-12-13_YC008_probe1,170,"[0, 1, 2, 3, 4, 5, 6, 7, 8, 9, 10, 11, 12, 13, 14, 15, 16, 17, 18, 19]","[16, 17, 18]"
18-12-13_YC008_probe1,184,"[0, 1, 2, 3, 4, 5, 6, 7, 8, 9, 10, 11, 12, 13, 14, 15, 16, 17, 18, 19]","[17, 19, 18]"
18-12-13_YC008_probe1,196,"[0, 1, 2, 3, 4, 5, 6, 7, 8, 9, 10, 11, 12, 13, 14, 15, 16, 17, 18, 19]","[15, 16, 17]"
18-12-13_YC008_probe1,212,"[0, 1, 2, 3, 4, 5, 6, 7, 8, 9, 10, 11, 12, 13, 14, 15, 16, 17, 18, 19]","[8, 9, 10]"
18-12-13_YC008_probe1,24,"[0, 1, 2, 3, 4, 5, 6, 7, 8, 9, 10, 11, 12, 13, 14, 15, 16, 17, 18, 19]","[16, 17, 18]"
18-12-13_YC008_probe1,240,"[2, 3, 4, 5, 6, 7, 8, 9, 11, 12, 13, 14, 15, 16, 17, 18, 19]","[8, 9]"
18-12-13_YC008_probe1,243,"[0, 1, 3, 6, 7]",[3]
18-12-13_YC008_probe1,244,"[0, 1, 2, 3, 4, 5, 6, 7, 8, 9, 10, 11, 12, 13, 14, 15, 16, 17, 19]","[14, 15, 16]"
18-12-13_YC008_probe1,247,"[0, 1, 4, 5, 7, 8, 10, 12, 13, 16, 19]",[10]
18-12-13_YC008_probe1,248,"[0, 1, 2, 3, 4, 5, 6, 7, 8, 9, 10, 11, 12, 13, 14, 15, 16, 17, 18, 19]","[8, 9, 10]"
18-12-13_YC008_probe1,25,"[0, 1, 5, 7, 8, 9, 10, 11, 12, 14, 15, 16, 17, 18, 19]","[1, 0]"
18-12-13_YC008_probe1,268,"[8, 9, 15]","[8, 9]"
18-12-13_YC008_probe1,272,"[0, 1, 2, 3, 4, 5, 6, 7, 8, 10, 11, 12, 13]","[2, 3, 4]"
18-12-13_YC008_probe1,278,"[0, 1]","[1, 0]"
18-12-13_YC008_probe1,28,"[0, 1, 2, 3, 4, 5, 6, 7, 8, 9, 10, 11, 12, 13, 14, 15, 16, 17, 18, 19]","[17, 18, 19]"
18-12-13_YC008_probe1,30,"[0, 1, 2, 3, 4, 5, 6, 7, 8, 9, 10, 11, 12, 13, 14, 15, 16, 17, 18, 19]","[6, 7, 8]"
18-12-13_YC008_probe1,303,"[0, 1, 2, 3, 4, 5, 7, 8, 9, 10, 11, 12, 13, 14, 15, 16, 17, 18, 19]","[7, 8]"
18-12-13_YC008_probe1,313,"[0, 1, 2, 3, 4, 5, 6, 7, 8, 9, 10, 11, 12, 13, 14, 15, 16, 17, 18, 19]","[17, 18, 19]"
18-12-13_YC008_probe1,317,"[0, 1, 2, 3, 4, 5, 6, 7, 8, 10, 11, 12, 13, 14, 15, 16, 17, 18, 19]","[1, 0, 2]"
18-12-13_YC008_probe1,320,"[0, 1, 2, 3, 4, 5, 6, 7, 8, 9, 10, 11, 12, 13, 14, 15, 16, 17, 18, 19]","[8, 9, 10]"
18-12-13_YC008_probe1,329,"[0, 2, 3, 4, 5, 6, 7, 8, 9, 10, 11, 12, 13, 14, 15, 16, 17, 18, 19]","[8, 9, 10]"
18-12-13_YC008_probe1,338,"[0, 1, 2, 3, 4, 5, 6, 7, 8, 9, 10, 11, 12, 13, 14, 15, 16, 17, 18, 19]","[1, 0, 2]"
18-12-13_YC008_probe1,344,"[0, 1, 2, 3, 4, 5, 6, 7, 8, 9, 10, 11, 12, 13, 14, 15, 16, 17, 18, 19]","[14, 15, 16]"
18-12-13_YC008_probe1,346,"[0, 1, 2, 3, 4, 5, 6, 7, 8, 9, 10, 11, 12, 13, 14, 15, 16, 17, 18, 19]","[17, 18, 19]"
18-12-13_YC008_probe1,366,"[9, 12]",[12]
18-12-13_YC008_probe1,371,"[0, 1, 2, 3, 4, 5, 6, 8, 9, 10, 11, 12, 13, 14, 15, 16, 17, 18, 19]","[8, 9, 10]"
18-12-13_YC008_probe1,375,"[0, 1, 2, 3, 4, 5, 6, 7, 8, 9, 10, 11, 12, 13, 14, 15, 16, 17, 18, 19]","[2, 3, 4]"
18-12-13_YC008_probe1,376,"[0, 1, 2, 3, 4, 5, 6, 7, 8, 9, 10, 11, 12, 13, 14, 15, 16, 17, 18, 19]","[17, 18, 19]"
18-12-13_YC008_probe1,386,"[0, 1, 2, 3, 4, 5, 6, 9, 11, 12, 13, 14, 15, 16, 17, 18, 19]",[9]
18-12-13_YC008_probe1,42,"[0, 1, 2, 3, 4, 5, 6, 7, 8, 9, 10, 11, 12, 13, 14, 15, 16, 17, 18, 19]","[1, 0, 2]"
18-12-13_YC008_probe1,445,"[0, 1, 2, 3, 4, 5, 6, 7, 8, 9, 10, 11, 12, 13, 14, 15, 16, 17, 18, 19]","[8, 9, 10]"
18-12-13_YC008_probe1,447,"[0, 3, 5, 10, 12, 13, 15, 16, 17, 19]",[5]
18-12-13_YC008_probe1,49,"[0, 1, 2, 3, 4, 5, 6, 7, 8, 9, 10, 11, 12, 13, 14, 15, 16, 17, 18, 19]","[10, 11, 12]"
18-12-13_YC008_probe1,5,"[0, 1, 2, 3, 4, 5, 6, 7, 8, 9, 10, 11, 12, 13, 14, 15, 16, 17, 18, 19]","[15, 16, 17]"
18-12-13_YC008_probe1,54,"[0, 1, 2, 5, 6, 10, 12, 14, 18]",[14]
18-12-13_YC008_probe1,7,"[1, 2, 3, 4, 5, 6, 7, 8, 9, 10, 11, 12, 13, 14, 15, 16, 17, 18, 19]","[1, 2, 3]"
18-12-13_YC008_probe1,81,"[9, 14, 15, 17, 18, 19]","[17, 18]"
18-12-13_YC008_probe1,95,"[0, 1, 2, 3, 4, 5, 6, 7, 8, 9, 10, 11, 12, 13, 14, 15, 16, 17, 18, 19]","[14, 15, 16]"
18-12-17_YC009_probe1,102,"[3, 15, 16]","[15, 16]"
18-12-17_YC009_probe1,103,"[0, 1, 2, 3, 4, 5, 6, 7, 8, 9, 10, 11, 12, 13, 14, 15, 16, 17, 18, 19]","[14, 15, 16]"
18-12-17_YC009_probe1,105,"[0, 2, 8, 9, 10, 11, 13, 14, 15, 16, 17, 18, 19]","[16, 17, 18]"
18-12-17_YC009_probe1,110,[0],[0]
18-12-17_YC009_probe1,111,"[0, 1, 2, 3, 4, 5, 6, 7, 8, 9, 10, 11, 12, 13, 14, 15, 16, 17, 18, 19]","[12, 13, 14]"
18-12-17_YC009_probe1,113,"[0, 1, 2, 3, 4, 5, 6, 7, 8, 9, 10, 11, 12, 13, 14, 15, 16, 18, 19]","[18, 19]"
18-12-17_YC009_probe1,124,"[6, 8, 9, 10, 11, 12, 13, 14, 15, 16, 17, 18, 19]","[17, 18, 19]"
18-12-17_YC009_probe1,125,"[0, 1, 2, 3, 4, 5, 6, 7, 8, 9, 10, 11, 12, 13, 14, 15, 16, 17, 18, 19]","[15, 16, 17]"
18-12-17_YC009_probe1,126,"[0, 1]","[1, 0]"
18-12-17_YC009_probe1,127,"[15, 18, 19]","[18, 19]"
18-12-17_YC009_probe1,129,"[1, 2, 3, 4, 6, 8, 9, 10, 11, 12, 13, 14, 15, 16, 17, 18, 19]","[16, 17, 18]"
18-12-17_YC009_probe1,13,"[0, 1, 2, 3, 4, 5, 6, 7, 8, 9, 10, 11, 12, 13, 14, 15, 16, 17, 18, 19]","[16, 17, 18]"
18-12-17_YC009_probe1,131,"[0, 1, 2, 3, 4, 5, 6, 7, 8, 9, 10, 11, 12, 13, 14, 15, 16, 17, 18, 19]","[16, 17, 18]"
18-12-17_YC009_probe1,139,"[0, 1, 2, 3, 4, 5, 6, 7, 8, 9, 10, 11, 12, 13, 14, 15, 16, 17, 18, 19]","[16, 17, 18]"
18-12-17_YC009_probe1,14,"[0, 1, 2, 5]","[0, 1, 2]"
18-12-17_YC009_probe1,15,"[0, 1, 2, 3, 4, 5, 6, 7, 8, 9, 10, 11, 12, 13, 14, 15, 16, 17, 18, 19]","[17, 18, 19]"
18-12-17_YC009_probe1,17,"[0, 1, 2, 3, 4, 5, 6, 7, 8, 9, 10, 11, 12, 13, 14, 15, 16, 17, 18, 19]","[16, 17, 18]"
18-12-17_YC009_probe1,180,"[0, 1, 2, 3, 4, 5, 6, 7, 8, 9, 10, 11, 12, 13, 14, 16, 17, 18, 19]","[17, 18, 19]"
18-12-17_YC009_probe1,190,"[0, 1, 2, 3, 4, 5, 6, 7, 8, 9, 10, 11, 12, 13, 14, 15, 16, 17, 18, 19]","[2, 3, 4]"
18-12-17_YC009_probe1,215,"[13, 16, 17, 18, 19]",[13]
18-12-17_YC009_probe1,22,"[0, 1, 2, 3, 4, 5, 6, 7, 8, 9, 10, 11, 12, 13, 14, 15, 16, 17, 18, 19]","[3, 4, 5]"
18-12-17_YC009_probe1,234,"[0, 1, 2, 3, 4, 5, 6, 7, 8, 9, 10, 11, 12, 13, 14, 15, 16, 17, 18, 19]","[14, 15, 16]"
18-12-17_YC009_probe1,240,"[0, 1, 2, 3, 4, 5, 6, 7, 8, 9, 10, 11, 12, 13, 14, 15, 16, 17, 18, 19]","[3, 4, 5]"
18-12-17_YC009_probe1,25,"[0, 1, 2, 3, 4, 5, 6, 7, 8, 9, 10, 11, 12, 13, 14, 15, 16, 17, 18, 19]","[17, 19, 18]"
18-12-17_YC009_probe1,26,"[0, 1, 2, 3, 4, 5, 6, 7, 8, 9, 10, 11, 12, 13, 14, 15, 16, 17, 18, 19]","[17, 19, 18]"
18-12-17_YC009_probe1,272,"[0, 1, 2, 3, 4, 5, 6, 7, 8, 9, 10, 11, 12, 13, 14, 15, 16, 17, 18, 19]","[1, 0, 2]"
18-12-17_YC009_probe1,280,"[0, 1, 2, 3, 4, 5, 6, 7, 8, 9, 10, 11, 12, 13, 14, 15, 16, 17, 18, 19]","[6, 7, 8]"
18-12-17_YC009_probe1,281,"[0, 1, 2, 3, 4, 5, 6, 7, 8, 9, 10, 11, 12, 13, 14, 15, 16, 17, 18, 19]","[14, 15, 16]"
18-12-17_YC009_probe1,283,"[0, 1, 2, 3, 4, 5, 6, 7, 8, 9, 10, 11, 12, 13, 14, 15, 16, 17, 18, 19]","[2, 3, 4]"
18-12-17_YC009_probe1,286,"[0, 1, 2, 3, 4, 5, 6, 7, 8, 9, 10, 11, 12, 13]","[12, 13]"
18-12-17_YC009_probe1,287,"[0, 1, 2, 3, 4, 5, 6, 7, 8, 9, 10, 11, 12, 13, 14, 17]","[1, 0, 2]"
18-12-17_YC009_probe1,288,"[0, 1, 2, 3, 4, 5, 6, 7, 8, 9, 10, 11, 12, 14, 15, 16, 17, 18, 19]","[17, 18, 19]"
18-12-17_YC009_probe1,29,"[0, 1, 2, 3, 4, 5, 6, 7, 8, 9, 10, 11, 12, 13, 14, 15, 16, 17, 18, 19]","[1, 0, 2]"
18-12-17_YC009_probe1,290,"[0, 1, 2, 3, 4, 5, 6, 7, 8, 9, 10, 11, 12, 13, 14, 15, 16, 17, 18, 19]","[1, 2, 3]"
18-12-17_YC009_probe1,297,"[0, 1, 2, 3, 4, 5, 6, 7, 8, 9, 10, 11, 12, 13, 14, 16, 18]","[3, 4, 5]"
18-12-17_YC009_probe1,298,"[0, 1, 2, 3, 4, 5, 6, 7, 8, 9, 10, 11, 12, 13, 14, 15, 16, 17, 18, 19]","[7, 8, 9]"
18-12-17_YC009_probe1,301,"[0, 1, 2, 3, 4, 5, 6, 7, 8, 9, 10, 11, 12, 13, 14, 15, 16, 17, 18, 19]","[1, 2, 3]"
18-12-17_YC009_probe1,311,[17],[17]
18-12-17_YC009_probe1,329,"[0, 1, 2, 3, 4, 5, 6, 7, 8, 9, 10, 11, 12, 13, 14, 15, 16, 17, 18, 19]","[11, 12, 13]"
18-12-17_YC009_probe1,336,"[0, 1, 2, 3, 4, 5, 6, 7, 8, 9, 10, 11, 12, 13, 14, 16, 17, 18, 19]","[16, 17]"
18-12-17_YC009_probe1,352,"[0, 1, 2, 3, 4, 5, 6, 7, 8, 9, 10, 11, 12, 13, 14, 15, 16, 17, 18, 19]","[13, 14, 15]"
18-12-17_YC009_probe1,354,"[0, 1, 12, 15, 19]","[0, 1]"
18-12-17_YC009_probe1,36,"[0, 1, 2, 3, 4, 5, 6, 7, 8, 9, 10, 11, 12, 13, 14, 15, 16, 17, 18, 19]","[17, 19, 18]"
18-12-17_YC009_probe1,364,"[0, 1, 2, 3, 4, 5, 6, 7, 8, 10, 11, 13, 14, 15, 16, 17, 18, 19]","[13, 14, 15]"
18-12-17_YC009_probe1,373,"[0, 1, 2, 3, 4, 5, 6, 7, 8, 9, 10, 11, 12, 13, 14, 15, 16, 17, 18, 19]","[14, 15, 16]"
18-12-17_YC009_probe1,39,"[0, 1, 2, 3, 4, 5, 6, 7, 8, 9, 10, 11, 12, 13, 14, 15, 16, 17, 18, 19]","[17, 19, 18]"
18-12-17_YC009_probe1,420,"[0, 1, 2, 3, 4, 5, 6, 7, 8, 9, 10, 11, 12, 13, 14, 15, 16, 17, 18, 19]","[16, 17, 18]"
18-12-17_YC009_probe1,437,"[0, 1, 2, 3, 4, 5, 6, 7, 8, 9, 10, 11, 12, 13, 14, 15, 16, 17, 18, 19]","[8, 9, 10]"
18-12-17_YC009_probe1,439,"[0, 1, 2, 3, 4, 5, 6, 7, 8, 9, 10, 11, 12, 13, 14, 15, 16, 17, 18, 19]","[2, 3, 4]"
18-12-17_YC009_probe1,44,"[0, 1, 2, 3, 4, 5, 6, 7, 8, 9, 10, 11, 12, 13, 14, 15, 16, 17, 18, 19]","[11, 12, 13]"
18-12-17_YC009_probe1,441,"[0, 1, 2, 3, 4, 5, 6, 7, 8, 9, 10, 11, 12, 13, 14, 15, 16, 17, 18, 19]","[17, 18, 19]"
18-12-17_YC009_probe1,45,"[0, 1, 2, 3, 4, 5, 6, 7, 8, 9, 10, 11, 12, 13, 14, 15, 16, 17, 18, 19]","[15, 16, 17]"
18-12-17_YC009_probe1,453,"[0, 1, 2, 3, 4, 5, 6, 7, 8, 9, 10, 11, 12, 13, 14, 15, 16, 17, 18, 19]","[17, 19, 18]"
18-12-17_YC009_probe1,455,"[1, 2, 3, 4, 5, 6, 7, 8, 9, 10, 11, 12, 13, 14, 15, 16, 17, 18, 19]","[17, 19, 18]"
18-12-17_YC009_probe1,473,"[0, 1, 2, 3, 4, 5, 6, 7, 8, 9, 10, 11, 12, 13, 14, 15, 16, 17, 18, 19]","[17, 19, 18]"
18-12-17_YC009_probe1,48,"[0, 1, 2, 3, 4, 5, 6, 7, 8, 9, 10, 11, 12, 13, 14, 15, 16, 17, 18, 19]","[16, 17, 18]"
18-12-17_YC009_probe1,487,"[0, 1, 2, 4, 5, 6, 7, 8, 9, 10, 11, 12, 13, 14, 15, 16, 17, 18, 19]","[4, 5]"
18-12-17_YC009_probe1,49,"[0, 1, 2, 3, 4, 5, 6, 7, 8, 9, 10, 11, 12, 13, 14, 15, 16, 17, 18, 19]","[15, 16, 17]"
18-12-17_YC009_probe1,501,"[0, 1, 2, 3, 4, 5, 6, 7, 8, 9, 10, 11, 12, 13, 14, 15, 16, 17, 18, 19]","[12, 13, 14]"
18-12-17_YC009_probe1,519,"[0, 1, 2, 3, 4, 5, 6, 7, 8, 9, 10, 11, 12, 13, 14, 15, 16, 17, 18, 19]","[14, 15, 16]"
18-12-17_YC009_probe1,524,"[0, 1, 2, 3, 4, 5, 6, 7, 8, 9, 10, 11, 12, 13, 14, 15, 16, 17, 18, 19]","[16, 17, 18]"
18-12-17_YC009_probe1,53,"[0, 1, 2, 3, 4, 5, 6, 7, 8, 9, 10, 11, 12, 13, 14, 15, 16, 17, 18, 19]","[17, 19, 18]"
18-12-17_YC009_probe1,564,"[0, 1, 2, 3, 4, 5, 6, 7, 8, 9, 10, 11, 12, 13, 14, 15, 16, 17, 18, 19]","[5, 6, 7]"
18-12-17_YC009_probe1,566,"[0, 1, 2, 3, 4, 9, 13, 14, 15, 17, 18]","[13, 14]"
18-12-17_YC009_probe1,569,"[0, 1, 2, 3, 4, 5, 6, 7, 8, 9, 10, 11, 12, 13, 14, 15, 16, 17, 18, 19]","[6, 7, 8]"
18-12-17_YC009_probe1,570,"[0, 1, 2, 3, 4, 5, 6, 7, 8, 9, 10, 11, 12, 13, 14, 15, 16, 17, 18, 19]","[11, 12, 13]"
18-12-17_YC009_probe1,590,"[0, 1, 2, 3, 4, 5, 6, 7, 8, 9, 10, 11, 12, 13, 14, 15, 16, 17, 18, 19]","[12, 13, 14]"
18-12-17_YC009_probe1,594,"[0, 1, 2, 3, 4, 5, 6, 7, 8, 9, 10, 11, 12, 13, 14, 15, 16, 17, 18, 19]","[15, 16, 17]"
18-12-17_YC009_probe1,61,"[0, 1, 2, 3, 4, 5, 6, 7, 8, 9, 10, 11, 12, 13, 14, 15, 16, 17, 18, 19]","[6, 7, 8]"
18-12-17_YC009_probe1,611,"[0, 1, 2, 3, 4, 5, 6, 7, 8, 9, 10, 11, 12, 13, 14, 15, 16, 17, 18, 19]","[17, 18, 19]"
18-12-17_YC009_probe1,617,"[0, 1, 2, 3, 4, 5, 6, 7, 8, 9, 10, 11, 12, 13, 15, 16, 17, 19]","[15, 16]"
18-12-17_YC009_probe1,619,"[0, 1, 2, 3, 4, 5, 6, 7, 8, 9, 10, 11, 12, 13, 14, 15, 16]","[3, 4, 5]"
18-12-17_YC009_probe1,625,"[0, 1, 2, 3, 4, 5, 6, 7, 8, 9, 10, 11, 12, 13, 14, 15, 16, 17, 18, 19]","[15, 16, 17]"
18-12-17_YC009_probe1,627,"[0, 1, 2, 3, 4, 5, 6, 7, 8, 9, 10, 11, 12, 13, 14, 15, 16, 17, 18, 19]","[17, 19, 18]"
18-12-17_YC009_probe1,633,"[0, 1, 2, 3, 4, 5, 6, 7, 8, 9, 10, 11, 12, 13, 14, 15, 16, 17, 18, 19]","[2, 3, 4]"
18-12-17_YC009_probe1,635,"[0, 1, 2, 3, 4, 5, 6, 7, 8, 9, 10, 11, 12, 13, 14, 15, 16, 17, 18, 19]","[12, 13, 14]"
18-12-17_YC009_probe1,65,"[0, 1, 2, 3, 4, 5, 6, 7, 8, 9, 10, 11, 12, 13, 14, 15, 16, 17, 18, 19]","[0, 1, 2]"
18-12-17_YC009_probe1,69,"[0, 1, 2, 3, 4, 5, 6, 7, 8, 9, 10, 11, 12, 13, 14, 15, 16, 17, 18, 19]","[16, 17, 18]"
18-12-17_YC009_probe1,75,"[13, 14, 15, 16, 18, 19]","[18, 19]"
18-12-17_YC009_probe1,85,"[0, 1, 2, 3, 4, 5, 6, 7, 8, 9, 10, 11, 12, 13, 14, 15, 16, 17, 18, 19]","[12, 13, 14]"
18-12-17_YC009_probe1,86,"[0, 1, 2, 3, 4, 5, 6, 7, 8, 9, 10, 11, 12, 13, 14, 15, 16, 17, 18, 19]","[13, 14, 15]"
18-12-17_YC009_probe1,88,"[0, 1, 2, 3, 4, 5, 6, 7, 8, 9, 10, 11, 12, 13, 14, 15, 16, 17, 18, 19]","[3, 4, 5]"
18-12-17_YC009_probe1,94,"[0, 3, 13, 14, 15, 17, 18, 19]",[3]
18-12-17_YC009_probe1,95,"[0, 1, 2, 3, 4, 5, 6, 7, 8, 9, 10, 11, 12, 13, 14, 15, 16, 17, 18, 19]","[17, 19, 18]"
18-12-17_YC010_probe1,102,"[0, 1, 2, 3, 4, 5, 6, 7, 8, 9, 10, 11, 12, 13, 14, 15, 16, 17, 18, 19]","[17, 19, 18]"
18-12-17_YC010_probe1,104,"[0, 1, 2, 3, 4, 5, 6, 7, 8, 9, 10, 11, 12, 13, 14, 15, 16, 17, 18, 19]","[17, 19, 18]"
18-12-17_YC010_probe1,113,"[0, 1, 2, 3, 4, 5, 6, 7, 8, 9, 10, 11, 12, 13, 14, 15, 16, 17, 18, 19]","[6, 7, 8]"
18-12-17_YC010_probe1,117,"[0, 1, 2, 3, 4, 5, 6, 7, 8, 9, 10, 11, 12, 13, 14, 15, 16, 17, 18, 19]","[5, 6, 7]"
18-12-17_YC010_probe1,121,"[0, 1, 2, 3, 4, 5, 6, 7, 8, 9, 10, 11, 12, 13, 14, 15, 16, 17, 18, 19]","[8, 9, 10]"
18-12-17_YC010_probe1,133,"[0, 1, 2, 3, 4, 5, 6, 7, 8, 9, 10, 11, 12, 13, 14, 15, 16, 17, 18, 19]","[9, 10, 11]"
18-12-17_YC010_probe1,140,"[0, 1, 2, 3, 4, 5, 6, 7, 8, 9, 10, 11, 12, 13, 14, 15, 16, 17, 18, 19]","[17, 19, 18]"
18-12-17_YC010_probe1,144,"[0, 1, 2, 3, 4, 5, 6, 7, 8, 9, 10, 11, 12, 13, 14, 15, 16, 17, 18, 19]","[7, 8, 9]"
18-12-17_YC010_probe1,151,"[0, 1, 2, 3, 4, 5, 6, 7, 8, 9, 10, 11, 12, 13, 14, 15, 16, 17, 18, 19]","[0, 1, 2]"
18-12-17_YC010_probe1,152,"[0, 1, 2, 3, 4, 5, 6, 7, 8, 9, 10, 11, 12, 13, 14, 15, 16, 17, 18, 19]","[17, 18, 19]"
18-12-17_YC010_probe1,153,"[0, 1, 2, 3, 4, 5, 6, 7, 8, 9, 10, 11, 12, 13, 14, 15, 16, 17, 18, 19]","[4, 5, 6]"
18-12-17_YC010_probe1,191,"[0, 1, 2, 3, 4, 5, 6, 7, 8, 9, 10, 11, 12, 13, 14, 15, 16, 17, 18, 19]","[13, 14, 15]"
18-12-17_YC010_probe1,193,"[4, 6, 8, 9, 10, 11, 12, 13, 14, 15, 16, 17, 18, 19]","[16, 17, 18]"
18-12-17_YC010_probe1,198,"[0, 1, 2, 3, 4, 5, 6, 7, 8, 9, 10, 11, 12, 13, 14, 15, 16, 17, 18, 19]","[13, 14, 15]"
18-12-17_YC010_probe1,2,"[0, 1, 2, 3, 4, 5, 6, 7, 8, 9, 10, 11, 12, 13, 14, 15, 16, 17, 18, 19]","[9, 10, 11]"
18-12-17_YC010_probe1,272,"[0, 1, 2, 3, 4, 5, 6, 7, 8, 9, 10, 11, 12, 13, 14, 15, 16, 17, 18, 19]","[1, 2, 3]"
18-12-17_YC010_probe1,276,"[0, 1, 2, 3, 4, 5, 6, 7, 8, 9, 10, 11, 12, 13, 14, 15, 16, 17, 18, 19]","[1, 0, 2]"
18-12-17_YC010_probe1,277,"[1, 2, 3, 4, 5, 6, 7, 8, 9, 10, 11, 12, 13, 14, 15, 16, 17, 18, 19]","[3, 4, 5]"
18-12-17_YC010_probe1,297,"[0, 1, 2, 3, 4, 5, 6, 7, 8, 9, 10, 11, 12, 13, 14, 15, 16, 17, 18, 19]","[0, 1, 2]"
18-12-17_YC010_probe1,314,"[0, 1, 2, 3, 4, 5, 6, 7, 8, 9, 10, 11, 12, 13, 14, 15, 16, 17, 18, 19]","[16, 17, 18]"
18-12-17_YC010_probe1,319,"[1, 2, 6, 7, 11, 12, 13, 14, 15, 16, 17, 18, 19]","[1, 2]"
18-12-17_YC010_probe1,394,"[0, 1, 3, 4, 10, 13, 15, 16, 17, 19]",[19]
18-12-17_YC010_probe1,402,"[0, 2, 3, 4, 5, 6, 7, 8, 9, 10, 11, 12, 13, 14, 15, 16, 17, 19]","[15, 16, 17]"
18-12-17_YC010_probe1,426,"[0, 1, 2, 3, 4, 5, 6, 7, 8, 9, 10, 11, 12, 13, 14, 15, 16, 17, 18, 19]","[8, 9, 10]"
18-12-17_YC010_probe1,50,"[6, 7, 11, 12, 13, 14, 15, 16, 17, 18, 19]","[12, 13, 14]"
18-12-17_YC010_probe1,86,[18],[18]
18-12-17_YC010_probe1,97,"[0, 1, 2, 3, 4, 5, 6, 7, 8, 9, 10, 11, 12, 13, 14, 15, 16, 17, 18, 19]","[6, 7, 8]"
18-12-17_YC010_probe1,99,"[0, 1, 2, 3, 4, 5, 6, 7, 8, 9, 10, 11, 12, 13, 14, 15, 16, 17, 18, 19]","[1, 2, 3]"
18-12-18_YC010_probe1,0,"[0, 1, 2, 3, 5, 6, 9, 12, 13, 15, 19]","[0, 1, 2]"
18-12-18_YC010_probe1,1,"[0, 1, 2, 3, 4, 5, 6, 7, 8, 9, 10, 12, 13, 14, 15, 16, 17, 18, 19]","[1, 0, 2]"
18-12-18_YC010_probe1,102,"[0, 1, 3, 4, 5, 6, 8, 9, 12, 13, 14, 15, 16, 17, 18, 19]","[1, 0]"
18-12-18_YC010_probe1,158,"[0, 1, 2, 3, 4, 5, 6, 7, 8, 9, 10, 11, 12, 13, 14, 15, 16, 17, 18, 19]","[17, 19, 18]"
18-12-18_YC010_probe1,163,"[2, 3, 4, 5, 6, 7, 8, 9, 10, 11, 12, 14, 15, 16, 17, 18, 19]","[14, 15, 16]"
18-12-18_YC010_probe1,167,"[0, 1, 2, 3, 4, 5, 6, 7, 8, 9, 10, 11, 12, 13, 14, 15, 16, 17, 18, 19]","[0, 1, 2]"
18-12-18_YC010_probe1,168,"[0, 1, 2, 3, 4, 5, 6, 7, 8, 9, 10, 11, 12, 13, 14, 15, 16, 17, 18, 19]","[14, 15, 16]"
18-12-18_YC010_probe1,169,"[0, 1, 2, 3, 4, 5, 6, 7, 8, 9, 10, 11, 12, 13, 14, 15, 16, 17, 18, 19]","[0, 1, 2]"
18-12-18_YC010_probe1,174,"[0, 1, 2, 3, 4, 5, 6, 13]",[13]
18-12-18_YC010_probe1,2,"[0, 1, 3, 5, 6, 8, 10, 11, 12, 13, 14, 15, 17, 18]","[5, 6]"
18-12-18_YC010_probe1,22,"[0, 1, 2, 3, 4, 5, 6, 7, 8, 9, 10, 11, 12, 13, 14, 15, 17, 18, 19]","[6, 7, 8]"
18-12-18_YC010_probe1,241,"[0, 1, 2, 3, 4, 5, 6, 7, 8, 9, 10, 11, 12, 13, 14, 15, 16, 17, 18, 19]","[17, 19, 18]"
18-12-18_YC010_probe1,243,"[0, 1, 2, 3, 4, 5, 6, 7, 8, 9, 10, 11, 12, 13, 14, 15, 16, 17, 18, 19]","[12, 13, 14]"
18-12-18_YC010_probe1,244,"[0, 1, 2, 3, 4, 5, 6, 7, 8, 9, 10, 11, 12, 13, 14, 15, 16, 17, 18, 19]","[9, 10, 11]"
18-12-18_YC010_probe1,245,"[0, 1, 2, 3, 4, 5, 6, 7, 8, 9, 10, 11, 12, 13, 14, 15, 16, 17, 18, 19]","[1, 0, 2]"
18-12-18_YC010_probe1,253,"[0, 1, 2, 3, 4, 5, 6, 7, 8, 9, 10, 11, 12, 13, 14, 15, 16, 17, 18, 19]","[6, 7, 8]"
18-12-18_YC010_probe1,257,"[0, 1, 2, 3, 4, 5, 6, 7, 8, 9, 10, 11, 12, 13, 14, 15, 16, 17, 18, 19]","[17, 18, 19]"
18-12-18_YC010_probe1,310,"[1, 2, 3, 4, 5, 6, 7, 8, 9, 10, 11, 12, 13, 14, 15, 16, 17, 19]","[14, 15, 16]"
18-12-18_YC010_probe1,330,"[0, 1, 2, 3, 4, 5, 6, 7, 8, 9, 10, 11, 12, 13, 14, 15, 16, 17, 18, 19]","[5, 6, 7]"
18-12-18_YC010_probe1,34,"[0, 1, 2, 3, 4, 5, 6, 7, 8, 9, 11, 12, 13, 14, 15, 16, 17, 18, 19]","[16, 17, 18]"
18-12-18_YC010_probe1,356,"[0, 1, 2, 3, 4, 5, 6, 7, 8, 9, 10, 11, 12, 13, 14, 15, 16, 17, 18, 19]","[14, 15, 16]"
18-12-18_YC010_probe1,364,"[0, 1, 2, 3, 4, 5, 6, 7, 8, 9, 10, 11, 12, 13, 14, 15, 16, 17, 18, 19]","[14, 15, 16]"
18-12-18_YC010_probe1,49,"[0, 1, 2, 3, 4, 5, 6, 7, 8, 9, 10, 11, 12, 13, 14, 15, 16, 17, 18, 19]","[1, 2, 3]"
18-12-18_YC010_probe1,69,"[0, 1, 2, 3, 4, 5, 6, 7, 8, 9, 10, 11, 12, 13, 14, 15, 16, 17, 18, 19]","[17, 18, 19]"
18-12-18_YC010_probe1,74,"[0, 1, 2, 3, 4, 5, 6, 7, 8, 9, 10, 11, 12, 13, 14, 15, 16, 17, 18, 19]","[1, 0, 2]"
18-12-18_YC010_probe1,76,"[0, 1, 2, 3, 4, 5, 6, 7, 8, 9, 10, 11, 12, 13, 14, 15, 16, 17, 18, 19]","[6, 7, 8]"
18-12-18_YC010_probe1,77,[15],[15]
18-12-18_YC010_probe1,78,"[0, 1, 2, 3, 4, 5, 6, 7, 8, 9, 10, 11, 12, 13, 14, 15, 16, 17, 18, 19]","[15, 16, 17]"
18-12-18_YC010_probe1,79,"[0, 1, 2, 3, 4, 5, 6, 7, 8, 9, 10, 11, 12, 13, 14, 15, 16, 17, 18, 19]","[14, 15, 16]"
18-12-18_YC010_probe1,94,"[0, 1, 2, 3, 4, 5, 6, 7, 8, 9, 10, 11, 12, 13, 14, 15, 16, 17, 18, 19]","[13, 14, 15]"
19-01-16_YC011_probe1,102,"[0, 1, 2, 3, 4, 5, 6, 7, 8, 9, 10, 11, 12, 13, 14, 15, 16, 17, 18, 19]","[15, 16, 17]"
19-01-16_YC011_probe1,121,"[0, 1, 2, 3, 4, 5, 6, 7, 8, 9, 10, 11, 12, 13, 14, 15, 16, 17, 18, 19]","[10, 11, 12]"
19-01-16_YC011_probe1,154,"[0, 1, 2, 3, 4, 5, 6, 7, 8, 9, 10, 11, 12, 13, 14, 15, 16, 17, 18, 19]","[8, 9, 10]"
19-01-16_YC011_probe1,160,"[6, 7, 8, 9, 10, 11, 12, 13, 14, 15, 16, 17, 18, 19]","[12, 13, 14]"
19-01-16_YC011_probe1,192,"[0, 4, 5, 6, 7, 8, 9, 10, 11, 12, 13, 14, 15, 16, 17, 18, 19]","[15, 16, 17]"
19-01-16_YC011_probe1,20,"[0, 1, 2, 3, 4, 5, 6, 7, 8, 9, 10, 11, 12, 13, 14, 15, 16, 17, 18, 19]","[0, 1, 2]"
19-01-16_YC011_probe1,204,"[0, 2, 7, 8, 10, 11, 13, 18, 19]","[7, 8]"
19-01-16_YC011_probe1,234,"[0, 1, 2, 3, 4, 5, 6, 7, 8, 9, 10, 11, 12, 13, 14, 15, 16, 17, 18, 19]","[15, 16, 17]"
19-01-16_YC011_probe1,26,"[0, 3, 7]",[7]
19-01-16_YC011_probe1,27,"[0, 1, 2, 3, 4, 5, 6, 7, 8, 9, 10, 11, 12, 13, 14, 15, 16, 17, 18, 19]","[6, 7, 8]"
19-01-16_YC011_probe1,31,"[0, 1, 2, 3, 4, 5, 6, 8, 9, 10, 11, 12, 13, 18]","[1, 2, 3]"
19-01-16_YC011_probe1,33,"[2, 3, 4, 5, 6, 7, 8, 9, 10, 11, 12, 13, 14, 15, 16, 17, 18, 19]","[17, 19, 18]"
19-01-16_YC011_probe1,35,"[1, 7, 12, 15, 17, 18, 19]",[7]
19-01-16_YC011_probe1,36,"[0, 1, 2, 3, 4, 5, 6, 7, 8, 9, 10, 11, 13, 14, 15, 16, 17, 18]","[8, 9, 10]"
19-01-16_YC011_probe1,39,"[0, 3, 4, 6, 7, 8, 9, 10, 11, 12, 13, 14, 15, 16, 17, 18, 19]",[0]
19-01-16_YC011_probe1,43,"[8, 9, 10, 11, 12, 13, 14, 15, 16, 17, 18, 19]","[17, 19, 18]"
19-01-16_YC011_probe1,49,"[0, 1, 5, 11, 18]","[1, 0]"
19-01-16_YC011_probe1,53,"[0, 1, 2, 3, 4, 5, 6, 7, 8, 9, 10, 11, 12, 13, 14, 15, 16, 17, 18, 19]","[4, 5, 6]"
19-01-16_YC011_probe1,55,"[0, 1, 2, 3, 4, 5, 6, 7, 8, 9, 10, 11, 12, 13, 14, 15, 16, 17, 18, 19]","[17, 19, 18]"
19-01-16_YC011_probe1,67,[6],[6]
19-01-16_YC011_probe1,69,"[0, 1, 2, 3, 4, 5, 6, 7, 8, 9, 10, 11, 12, 13, 14, 15, 16, 17, 18, 19]","[10, 11, 12]"
19-01-16_YC011_probe1,73,"[0, 1, 2, 3, 4, 5, 6, 7, 8, 9, 10, 11, 12, 13, 14, 15, 16, 17, 18, 19]","[6, 7, 8]"
19-01-16_YC011_probe1,78,"[0, 1, 2, 3, 4, 5, 6, 7, 8, 9, 10, 11, 12, 13, 14, 15, 16, 17, 18, 19]","[1, 2, 3]"
19-01-16_YC011_probe1,81,"[0, 1, 2, 3, 4, 5, 6, 7, 8, 9, 10, 11, 12, 13, 14, 15, 16, 17, 18, 19]","[1, 0, 2]"
19-01-16_YC011_probe1,83,"[0, 1, 2, 3, 4, 5, 6, 7, 8, 9, 10, 11, 12, 13, 14, 15, 16, 17, 18, 19]","[15, 16, 17]"
19-01-16_YC011_probe1,85,"[0, 2, 3, 4, 5, 6, 7, 8, 9, 10, 11, 12, 13, 14, 15, 16, 17, 18, 19]","[7, 8, 9]"
19-01-16_YC011_probe1,87,"[0, 1, 2, 3, 4, 5, 6, 7, 8, 9, 10, 11, 12, 13, 14, 15, 16, 17, 18, 19]","[11, 12, 13]"
19-01-16_YC011_probe1,88,"[0, 1, 2, 3, 4, 5, 6, 7, 8, 9, 10, 11, 12, 13, 14, 15, 16, 17, 18, 19]","[5, 6, 7]"
19-01-16_YC011_probe1,93,"[0, 1, 2, 3, 4, 5, 6, 7, 8, 9, 10, 11, 12, 13, 14, 15, 16, 17, 18, 19]","[1, 0, 2]"
19-01-16_YC011_probe1,95,"[0, 1, 2, 3, 4, 5, 6, 7, 8, 9, 10, 11, 12, 13, 14, 15, 16, 17, 18, 19]","[15, 16, 17]"
19-01-16_YC011_probe1,98,"[0, 1, 2, 3, 4, 5, 6, 7, 8, 9, 10, 11, 12, 13, 14, 15, 16, 17, 18, 19]","[10, 11, 12]"
19-01-16_YC011_probe1,99,"[0, 1, 2, 3, 4, 5, 6, 7, 8, 9, 10, 11, 12, 13, 14, 15, 16, 17, 18, 19]","[5, 6, 7]"
19-01-23_YC012_probe1,246,"[0, 1, 2, 3, 4, 5, 6, 7, 8, 9, 10, 11, 12, 13, 14, 15, 16, 17, 18, 19]","[6, 7, 8]"
19-01-23_YC012_probe1,824,"[0, 1, 2, 3, 4, 5, 6, 7, 8, 9, 10, 11, 12, 13, 14, 15, 16, 17, 18, 19]","[0, 1, 2]"
19-01-23_YC012_probe1,928,"[0, 1, 2, 3, 4, 5, 6, 7, 8, 9, 10, 11, 12, 13, 14, 15, 16, 17, 18, 19]","[1, 2, 3]"
19-01-23_YC013_probe1,17,"[0, 1, 2, 3, 4, 5, 6, 7, 8, 9, 10, 11, 12, 13, 14, 15, 16, 17, 18, 19]","[17, 18, 19]"
19-01-23_YC013_probe1,21,"[0, 1, 2, 3, 4, 5, 6, 7, 8, 9, 10, 11, 12, 13, 14, 15, 16, 17, 18, 19]","[14, 15, 16]"
19-01-23_YC013_probe1,214,"[0, 1, 2, 3, 4, 5, 6, 7, 8, 9, 10, 11, 12, 13, 14, 15, 16, 17, 18, 19]","[1, 0, 2]"
19-01-23_YC013_probe1,270,"[0, 1, 2, 3, 4, 5, 6, 7, 8, 9, 10, 11, 12, 13, 14, 15, 16, 17, 18, 19]","[17, 19, 18]"
19-01-23_YC013_probe1,30,"[13, 14, 16, 17, 18, 19]","[17, 19, 18]"
19-01-23_YC013_probe1,336,"[0, 1, 2, 3, 4, 5, 6, 7, 8, 9, 10, 11, 12, 13, 14, 15, 16, 17, 18, 19]","[14, 15, 16]"
19-01-23_YC013_probe1,44,"[0, 1, 2, 3, 4, 5, 6, 7, 8, 9, 10, 11, 12, 13, 14, 15, 16, 17, 18, 19]","[14, 15, 16]"
19-01-23_YC013_probe1,60,"[1, 2, 3, 4, 5, 6, 7, 8, 9, 10, 11, 12, 13, 14, 15, 16, 17, 18, 19]","[2, 3, 4]"
19-01-24_YC012_probe1,168,"[0, 1, 2, 3, 4, 5, 6, 7, 8, 9, 10, 11, 12, 13, 14, 15, 16, 17, 18, 19]","[3, 4, 5]"
19-01-24_YC012_probe1,304,"[0, 1, 2, 3, 4, 5, 6, 7, 8, 9, 10, 11, 12, 13, 14, 15, 16, 17, 18, 19]","[6, 7, 8]"
19-01-24_YC012_probe1,547,"[0, 1, 2, 3, 4, 5, 6, 7, 8, 9, 10, 11, 12, 13, 14, 15, 16, 17, 18, 19]","[3, 4, 5]"
19-01-24_YC012_probe1,554,"[0, 1, 2, 3, 4, 5, 6, 7, 8, 9, 10, 11, 12, 13, 14, 15, 16, 17, 18, 19]","[2, 3, 4]"
19-01-24_YC012_probe1,558,"[0, 1, 2, 3, 4, 5, 6, 7, 8, 9, 10, 11, 12, 13, 14, 15, 16, 17, 18, 19]","[6, 7, 8]"
19-01-24_YC012_probe1,563,"[0, 1, 2, 3, 4, 5, 6, 7, 8, 9, 10, 11, 12, 13, 14, 15, 16, 17, 18, 19]","[12, 13, 14]"
19-01-24_YC012_probe1,898,"[0, 2, 3, 5, 6, 7, 8, 9]","[6, 7, 8]"
19-01-24_YC013_probe1,1324,"[0, 1, 2, 3, 4, 5, 6, 7, 8, 9, 10, 11, 12, 13, 14, 15, 16, 17, 18, 19]","[5, 6, 7]"
19-01-24_YC013_probe1,14,"[0, 1, 2, 3, 4, 5, 6, 7, 8, 9, 10, 11, 12, 13, 14, 15, 16, 17, 18, 19]","[2, 3, 4]"
19-01-24_YC013_probe1,17,"[0, 1, 2, 3, 4, 5, 6, 7, 8, 9, 10, 11, 12, 13, 14, 15, 16, 17, 18, 19]","[0, 1, 2]"
19-01-24_YC013_probe1,27,"[0, 1, 2, 3, 4, 5, 6, 7, 8, 9, 10, 11, 12, 13, 14, 15, 16, 17, 18, 19]","[14, 15, 16]"
19-01-24_YC013_probe1,30,"[0, 1, 2, 3, 4, 5, 6, 7, 8, 9, 10, 11, 12, 13, 14, 15, 16, 17, 18, 19]","[2, 3, 4]"
19-01-24_YC013_probe1,34,"[0, 1, 2, 3, 4, 5, 6, 7, 8, 9, 10, 11, 12, 13, 14, 15, 16, 17, 18, 19]","[0, 1, 2]"
19-01-24_YC013_probe1,38,"[0, 1, 2, 3, 4, 5, 6, 7, 8, 9, 10, 11, 12, 13, 14, 15, 16, 17, 18, 19]","[8, 9, 10]"
19-01-24_YC013_probe1,40,"[0, 2, 4, 5, 6, 7, 8, 9, 10, 11, 12, 13, 14, 15, 16, 17, 18, 19]","[8, 9, 10]"
19-01-24_YC013_probe1,46,"[0, 1, 2, 3, 4, 5, 6, 7, 8, 9, 10, 11, 12, 13, 14, 15, 16, 17, 18, 19]","[0, 1, 2]"
19-01-24_YC013_probe1,51,"[0, 1, 2, 3, 5]","[1, 0, 2]"
19-01-24_YC013_probe1,57,"[0, 1, 2, 3, 4, 5, 6, 7, 8, 9, 10, 11, 12, 13, 14, 15, 16, 17, 18, 19]","[7, 8, 9]"
19-01-24_YC013_probe1,575,"[0, 1, 2, 3, 4, 5, 6, 7, 8, 9, 10, 11, 12, 13, 14, 15, 16, 17, 18, 19]","[5, 6, 7]"
19-01-24_YC013_probe1,58,"[0, 1, 2, 3, 4, 5, 6, 7, 8, 9, 10, 11, 12, 13, 14, 15, 16, 17, 18, 19]","[17, 19, 18]"
19-01-24_YC013_probe1,59,"[10, 18, 19]",[10]
19-01-24_YC013_probe1,6,"[0, 1, 2, 3, 4, 5, 6, 7, 8, 9, 10, 11, 12, 13, 14, 15, 16, 17, 18, 19]","[16, 17, 18]"
19-01-24_YC013_probe1,62,"[0, 1, 2, 3, 4, 5, 6, 7, 8, 9, 10, 11, 12, 13, 14, 15, 16, 17, 18, 19]","[6, 7, 8]"
19-01-24_YC013_probe1,64,"[0, 1, 2, 3, 4, 5, 6, 7, 8, 9, 10, 11, 12, 13, 14, 15, 16, 17, 18, 19]","[16, 17, 18]"
19-01-24_YC013_probe1,651,[0],[0]
19-01-24_YC013_probe1,654,"[0, 1, 2, 3, 4, 5, 6, 7, 8, 9, 10, 11, 12, 13, 14, 15, 16, 17, 18, 19]","[10, 11, 12]"
19-01-24_YC013_probe1,684,"[0, 1, 2, 3, 4, 5, 6, 7, 8, 9, 10, 11, 12, 13, 14, 15, 16, 17, 18, 19]","[10, 11, 12]"
19-01-24_YC013_probe1,7,"[0, 1, 2, 3, 4, 5, 6, 7, 8, 9, 10, 11, 12, 13, 14, 15, 16, 17, 18, 19]","[12, 13, 14]"
19-01-24_YC013_probe1,71,"[1, 2, 4, 6, 8, 10, 11, 12, 13, 14, 15, 17, 18, 19]","[10, 11]"
19-01-24_YC013_probe1,797,"[1, 2, 5, 6, 8, 9, 12, 13, 14, 15, 16, 19]","[14, 15, 16]"
19-01-24_YC013_probe1,814,"[0, 1, 2, 3, 4, 5, 6, 7, 8, 9, 10, 11, 12, 13, 14, 15, 16, 17, 18, 19]","[7, 8, 9]"
19-08-14_YC015_probe1,1026,"[0, 1, 2, 3, 4, 5, 6, 7, 8, 9, 10, 11, 12, 13, 14, 15, 16, 17, 18, 19]","[16, 17, 18]"
19-08-14_YC015_probe1,1030,"[0, 1, 2, 3, 4, 5, 6, 7, 8, 9, 10, 11, 12, 13, 14, 15, 16, 17, 18, 19]","[11, 12, 13]"
19-08-14_YC015_probe1,105,"[0, 1, 2, 3, 4, 5, 6, 7, 8, 9, 10, 11, 12, 13, 14, 15, 16, 17, 18, 19]","[1, 2, 3]"
19-08-14_YC015_probe1,1081,"[0, 1, 2, 3, 4, 5, 6, 7, 8, 9, 10, 11, 12, 13, 14, 15, 16, 17, 18, 19]","[17, 18, 19]"
19-08-14_YC015_probe1,113,"[0, 1, 2, 3, 4, 5, 6, 7, 8, 9, 10, 11, 12, 13, 14, 15, 16, 17, 18, 19]","[1, 0, 2]"
19-08-14_YC015_probe1,133,"[0, 1, 2, 3, 4, 5, 6, 7, 8, 9, 10, 11, 12, 13, 14, 15, 16, 17, 18, 19]","[12, 13, 14]"
19-08-14_YC015_probe1,1799,"[0, 1, 2, 3, 4, 5, 6, 7, 8, 9, 10, 11, 12, 13, 14, 15, 18]","[7, 8, 9]"
19-08-14_YC015_probe1,23,"[0, 1, 2, 3, 4, 5, 6, 7, 8, 9, 10, 11, 12, 13, 14, 15, 16, 17, 18, 19]","[13, 14, 15]"
19-08-14_YC015_probe1,27,"[0, 1, 2, 4, 5, 6, 7, 8, 9, 10, 11, 12, 13, 14, 15, 16, 17, 18, 19]","[16, 17, 18]"
19-08-14_YC015_probe1,31,"[3, 4, 5, 8, 9, 10, 11, 12, 13, 14, 15, 16, 17, 18, 19]","[17, 18, 19]"
19-08-14_YC015_probe1,313,"[0, 1, 2, 3, 4, 5, 6, 7, 8, 9, 10, 11, 12, 13, 14, 15, 16, 17, 18, 19]","[15, 16, 17]"
19-08-14_YC015_probe1,34,"[0, 1, 2, 3, 4, 5, 6, 7, 8, 9, 10, 11, 12, 13, 14, 15, 16, 17, 18, 19]","[15, 16, 17]"
19-08-14_YC015_probe1,35,"[0, 1, 2, 3, 4, 5, 6, 7, 8, 9, 10, 11, 12, 13, 14, 15, 16, 17, 18, 19]","[3, 4, 5]"
19-08-14_YC015_probe1,351,"[0, 1, 2, 3, 4, 5, 6, 7, 8, 9, 10, 11, 12, 13, 14, 15, 16, 17, 18, 19]","[14, 15, 16]"
19-08-14_YC015_probe1,354,"[0, 1, 2, 3, 4, 5, 6, 7, 8, 9, 10, 11, 12, 13, 14, 15, 16, 17, 18, 19]","[8, 9, 10]"
19-08-14_YC015_probe1,363,"[0, 1, 2, 3, 4, 5, 6, 7, 8, 9, 10, 11, 12, 13, 14, 15, 16, 17, 18, 19]","[15, 16, 17]"
19-08-14_YC015_probe1,381,"[0, 1, 2, 3, 4, 5, 6, 7, 8, 9, 10, 11, 12, 13, 14, 15, 16, 17, 18, 19]","[12, 13, 14]"
19-08-14_YC015_probe1,392,"[0, 1, 2, 3, 4, 5, 6, 7, 8, 9, 10, 11, 12, 13, 14, 15, 16, 17, 18, 19]","[7, 8, 9]"
19-08-14_YC015_probe1,393,"[0, 1, 2, 3, 4, 5, 6, 7, 8, 9, 10, 11, 12, 13, 14, 15, 16, 17, 18, 19]","[7, 8, 9]"
19-08-14_YC015_probe1,401,"[0, 1, 2, 3, 4, 5, 6, 7, 8, 9, 10, 11, 12, 13, 14, 15, 16, 17, 18, 19]","[17, 18, 19]"
19-08-14_YC015_probe1,425,"[0, 1, 2, 3, 4, 5, 6, 7, 8, 9, 10, 11, 12, 13, 14, 15, 16, 17, 18, 19]","[4, 5, 6]"
19-08-14_YC015_probe1,427,"[0, 1, 2, 3, 4, 5, 6, 7, 8, 9, 10, 11, 12, 13, 14, 15, 16, 17, 18, 19]","[3, 4, 5]"
19-08-14_YC015_probe1,434,"[0, 1, 2, 3, 4, 5, 6, 7, 8, 9, 10, 11, 12, 13, 14, 15, 16, 17, 18, 19]","[17, 18, 19]"
19-08-14_YC015_probe1,468,"[0, 1, 2, 3, 4, 5, 6, 7, 8, 9, 10, 11, 12, 13, 14, 15, 16, 17, 18, 19]","[14, 15, 16]"
19-08-14_YC015_probe1,48,"[0, 1, 2, 3, 4, 5, 6, 7, 8, 9, 10, 11, 12, 13, 14, 15, 16, 17, 18, 19]","[17, 18, 19]"
19-08-14_YC015_probe1,53,"[0, 1, 2, 3, 4, 5, 6, 7, 8, 9, 10, 11, 13, 14, 15, 16, 17, 18, 19]","[17, 19, 18]"
19-08-14_YC015_probe1,536,"[0, 1, 2, 3, 4, 5, 6, 7, 8, 9, 10, 11, 12, 13, 14, 15, 16, 17, 18, 19]","[16, 17, 18]"
19-08-14_YC015_probe1,590,"[0, 1, 2, 3, 4, 5, 6, 7, 8, 9, 10, 11, 12, 13, 14, 15, 16, 17, 18, 19]","[17, 18, 19]"
19-08-14_YC015_probe1,60,"[0, 1, 2, 3, 4, 5, 6, 7, 8, 9, 10, 11, 12, 13, 14, 15, 16, 17, 18, 19]","[17, 18, 19]"
19-08-14_YC015_probe1,606,"[0, 1, 2, 3, 4, 5, 6, 7, 8, 9, 10, 11, 12, 13, 14, 15, 16, 17, 18, 19]","[17, 19, 18]"
19-08-14_YC015_probe1,608,"[0, 1, 2, 3, 4, 5, 6, 7, 8, 9, 10, 11, 12, 13, 14, 15, 16, 17, 18, 19]","[13, 14, 15]"
19-08-14_YC015_probe1,610,"[0, 1, 2, 3, 4, 5, 6, 7, 8, 9, 10, 11, 12, 13, 14, 15, 16, 17, 18, 19]","[17, 18, 19]"
19-08-14_YC015_probe1,846,"[0, 1, 2, 3, 4, 5, 6, 7, 8, 9, 10, 11, 12, 13, 14, 15, 16, 17, 18, 19]","[15, 16, 17]"
19-08-14_YC015_probe1,847,"[0, 1, 2, 3, 4, 5, 6, 7, 8, 9, 10, 11, 12, 13, 14, 15, 16, 17, 18, 19]","[6, 7, 8]"
19-08-14_YC015_probe1,848,"[0, 1, 2, 4, 5, 6, 7, 8, 9, 10, 11, 12, 13, 14, 15, 16, 17, 18, 19]","[12, 13, 14]"
19-08-14_YC015_probe1,850,"[13, 15, 16, 18, 19]","[19, 18]"
19-08-14_YC015_probe1,851,"[0, 1, 2, 3, 4, 5, 6, 7, 8, 9, 10, 11, 12, 13, 14, 15, 16, 17, 18, 19]","[9, 10, 11]"
19-08-14_YC015_probe1,857,"[0, 1, 2, 3, 4, 5, 6, 7, 8, 9, 10, 11, 12, 13, 14, 15, 16, 17, 18, 19]","[12, 13, 14]"
19-08-14_YC015_probe1,864,"[5, 13, 14, 15, 16, 17, 18, 19]","[17, 19, 18]"
19-08-14_YC015_probe1,867,"[0, 1, 2, 3, 4, 5, 6, 7, 8, 9, 10, 11, 12, 13, 14, 15, 16, 17, 18, 19]","[17, 19, 18]"
19-08-14_YC015_probe1,88,"[0, 1, 2, 3, 4, 5, 6, 7, 8, 9, 10, 11, 12, 13, 14, 15, 16, 17, 18, 19]","[16, 17, 18]"
19-08-14_YC015_probe1,881,"[0, 1, 2, 3, 4, 5, 6, 7, 8, 9, 10, 11, 12, 13, 14, 15, 16, 17, 18, 19]","[11, 12, 13]"
19-08-14_YC015_probe1,882,"[0, 1, 2, 3, 4, 5, 6, 8, 9, 10, 11, 12, 14, 15, 16]","[1, 2, 3]"
19-08-14_YC015_probe1,912,"[0, 1, 2, 3, 5, 6, 7, 8, 9, 10, 11, 12, 13, 14, 15, 16, 17, 18, 19]","[7, 8, 9]"
19-08-14_YC015_probe1,921,"[0, 1, 2, 3, 4, 5, 6, 7, 8, 9, 10, 11, 12, 13, 14, 15, 16, 17, 18, 19]","[17, 19, 18]"
19-08-14_YC015_probe1,929,"[0, 9, 10, 11, 12, 16, 18, 19]","[18, 19]"
19-08-14_YC015_probe1,934,"[0, 1, 2, 3, 4, 5, 6, 7, 8, 9, 10, 11, 12, 13, 14, 15, 16, 17, 18, 19]","[0, 1, 2]"
19-08-14_YC015_probe1,94,"[0, 1, 2, 3, 4, 5, 6, 7, 8, 9, 10, 11, 12, 13, 14, 15, 16, 17, 18, 19]","[3, 4, 5]"
19-08-14_YC015_probe1,967,"[0, 1, 2, 3, 4, 5, 6, 7, 8, 9, 10, 11, 12, 13, 14, 15, 16, 17, 18, 19]","[10, 11, 12]"
19-08-14_YC015_probe1,97,"[1, 2, 3, 4, 5, 6, 7, 10, 12, 13, 14, 15, 16, 17, 18, 19]","[1, 2]"
19-08-14_YC015_probe1,975,"[0, 1, 2, 3, 4, 5, 6, 7, 8, 9, 10, 11, 12, 13, 14, 15, 16, 17, 18, 19]","[5, 6, 7]"
19-08-14_YC015_probe1,98,"[0, 1, 2, 3, 4, 5, 6, 7, 8, 9, 10, 11, 12, 13, 14, 15, 16, 17, 18, 19]","[17, 19, 18]"
19-08-14_YC015_probe2,100,"[0, 1, 2, 3, 4, 5, 6, 7, 8, 9, 10, 11, 12, 13, 14, 15, 16, 17, 18, 19]","[14, 15, 16]"
19-08-14_YC015_probe2,119,"[0, 1, 2, 3, 4, 5, 6, 7, 8, 9, 10, 11, 12, 13, 14, 15, 16, 17, 18, 19]","[5, 6, 7]"
19-08-14_YC015_probe2,128,"[0, 1, 2, 3, 4, 5, 6, 7, 9, 10, 11, 12, 13, 14, 17, 19]","[13, 14]"
19-08-14_YC015_probe2,129,"[0, 1, 2, 3, 4, 5, 6, 7, 8, 9, 10, 11, 12]","[10, 11, 12]"
19-08-14_YC015_probe2,140,"[15, 16, 17, 18, 19]","[15, 16, 17]"
19-08-14_YC015_probe2,141,"[0, 1, 2, 3, 4, 5, 6, 7, 8, 9, 10, 11, 12, 13, 14, 15, 16, 17, 18, 19]","[17, 19, 18]"
19-08-14_YC015_probe2,142,"[0, 1, 2, 3, 4, 5, 6, 7]","[0, 1, 2]"
19-08-14_YC015_probe2,147,"[0, 1, 2, 3, 4, 5, 6, 7, 8, 9, 10, 11, 12, 13, 14, 15, 16, 17, 18, 19]","[14, 15, 16]"
19-08-14_YC015_probe2,172,"[7, 8, 9, 10, 11, 12, 13, 14, 15, 16, 17, 18, 19]","[7, 8, 9]"
19-08-14_YC015_probe2,176,"[0, 1, 2, 3, 4, 5, 6, 7, 8, 9, 10, 11, 12, 13, 14, 15, 16, 17, 18, 19]","[17, 18, 19]"
19-08-14_YC015_probe2,190,"[0, 1, 2, 3, 4, 5, 6, 7, 8, 9, 10, 11, 12, 13, 14, 15, 16, 17]","[7, 8, 9]"
19-08-14_YC015_probe2,204,"[0, 1, 2, 3, 4, 5, 6, 7, 8, 9, 10, 11, 12, 13, 14, 15, 16, 17, 18, 19]","[1, 0, 2]"
19-08-14_YC015_probe2,237,"[0, 1, 2, 3, 4, 5, 6, 7, 8, 9, 10, 11, 12, 13, 14, 15, 16, 17, 18, 19]","[16, 17, 18]"
19-08-14_YC015_probe2,281,"[0, 1, 2, 3, 4, 5, 6, 7, 8, 9, 10, 11, 12, 13, 14, 15, 16, 17, 18, 19]","[8, 9, 10]"
19-08-14_YC015_probe2,283,"[0, 1, 2, 3, 4, 5, 6, 7, 8, 9, 10, 11, 12, 13, 14, 15, 16, 17, 18, 19]","[5, 6, 7]"
19-08-14_YC015_probe2,290,"[0, 1, 2, 3, 4, 5, 6, 7, 8, 9, 10, 11, 12, 13, 14, 15, 16, 17, 18, 19]","[15, 16, 17]"
19-08-14_YC015_probe2,331,"[0, 1, 2, 3, 4, 5, 6, 7, 8, 9, 10, 11, 12, 13, 14, 15, 16, 17, 18, 19]","[6, 7, 8]"
19-08-14_YC015_probe2,389,"[0, 1, 2, 3, 4, 5, 6, 7, 8, 9, 10, 11, 12, 13, 14, 15, 16, 17, 18, 19]","[14, 15, 16]"
19-08-14_YC015_probe2,436,"[0, 1, 2, 3, 4, 5, 6, 7, 8, 9, 10, 11, 12, 13, 14, 15, 16, 17, 18, 19]","[8, 9, 10]"
19-08-14_YC015_probe2,439,"[0, 1, 2, 3, 4, 5, 6, 7, 8, 9, 10, 11, 12, 13, 14, 15, 16, 17, 18, 19]","[12, 13, 14]"
19-08-14_YC015_probe2,440,"[0, 1, 2, 3, 4, 5, 6, 7, 8, 9, 10, 11, 12, 13, 14, 15, 16, 17, 18, 19]","[1, 0, 2]"
19-08-14_YC015_probe2,452,"[0, 1, 2, 5, 6, 7, 8, 9, 10, 11, 12, 13, 14, 15, 16, 17, 18, 19]","[13, 14, 15]"
19-08-14_YC015_probe2,521,"[1, 2, 3, 4, 5, 6, 7, 8, 9, 10, 11, 12, 13, 14, 15, 16, 17, 18, 19]","[1, 2]"
19-08-14_YC015_probe2,56,"[5, 16, 18, 19]",[5]
19-08-14_YC015_probe2,63,"[0, 1, 2, 3, 4, 5, 6, 7, 8, 9, 10, 11, 12, 13, 14, 15, 16, 17, 18, 19]","[3, 4, 5]"
19-08-14_YC015_probe2,631,"[0, 1, 2, 3, 4, 5, 6, 7, 8, 9, 10, 11, 12, 13, 14, 15, 16, 17, 18, 19]","[12, 13, 14]"
19-08-14_YC015_probe2,641,"[0, 1, 2, 3, 4, 5, 6, 7, 8, 9, 10, 11, 12, 13, 14, 15, 16, 17, 18, 19]","[3, 4, 5]"
19-08-14_YC015_probe2,642,"[0, 1, 2, 3, 4, 5, 6, 7, 8, 9, 10, 11, 12, 13, 14, 15, 16, 17, 18, 19]","[14, 15, 16]"
19-08-14_YC015_probe2,643,"[0, 1, 2, 3, 4, 5, 6, 7, 8, 9, 10, 11, 12, 13, 14, 15, 16, 17, 18, 19]","[8, 9, 10]"
19-08-14_YC015_probe2,652,"[1, 2, 3, 4, 6, 7, 9, 12, 13, 15, 17, 19]","[12, 13]"
19-08-14_YC015_probe2,658,"[0, 1, 2, 3, 4, 5, 6, 7, 8, 9, 10, 11, 12, 13, 14, 15, 16, 17, 18, 19]","[13, 14, 15]"
19-08-14_YC015_probe2,663,"[0, 1, 2, 3, 4, 5, 6, 7, 8, 9, 10, 11, 12, 13, 18]",[18]
19-08-14_YC015_probe2,67,"[0, 1, 2, 3, 4, 5, 6, 7, 8, 9, 10, 11, 12, 13, 14, 15, 16, 17, 18, 19]","[4, 5, 6]"
19-08-14_YC015_probe2,68,"[0, 1, 2, 3, 4, 5, 6, 7, 8, 9, 10, 11, 12, 13, 14, 15, 16, 17, 18, 19]","[17, 18, 19]"
19-08-14_YC015_probe2,71,"[1, 2, 3, 4, 5, 6, 7, 8, 9, 10, 11, 12, 13, 14, 15, 16, 17, 18, 19]","[14, 15, 16]"
19-08-14_YC015_probe2,72,"[0, 1, 2, 3, 4, 5, 6, 7, 8, 9, 10, 11, 12, 13, 14, 15, 16, 17, 18, 19]","[15, 16, 17]"
19-08-14_YC015_probe2,73,"[0, 1, 2, 3, 4, 5, 6, 7, 8, 9, 10, 11, 12, 13, 14, 15, 16, 17, 18, 19]","[1, 0, 2]"
19-08-14_YC015_probe2,741,"[0, 1, 2, 3, 4, 5, 6, 7, 8, 9, 10, 11, 12, 13, 14, 15, 16, 17, 18, 19]","[11, 12, 13]"
19-08-14_YC015_probe2,774,"[0, 1, 2, 3, 4, 5, 6, 7, 8, 9, 10, 11, 12, 13, 14, 15, 16, 17, 18, 19]","[7, 8, 9]"
19-08-14_YC015_probe2,79,"[0, 1, 2, 3, 4, 5, 6, 7, 8, 9, 10, 11, 12, 13, 14, 15, 16, 17, 18, 19]","[12, 13, 14]"
19-08-14_YC015_probe2,794,"[0, 1, 2, 3, 4, 5, 6, 7, 8, 9, 10, 11, 12, 13, 14, 15, 16, 17, 18, 19]","[17, 18, 19]"
19-08-14_YC015_probe2,84,"[0, 1, 2, 3, 4, 5, 6, 7, 8, 9, 10, 11, 12, 13, 14, 15, 16, 17, 18, 19]","[13, 14, 15]"
19-08-14_YC015_probe2,865,"[0, 1, 2, 3, 4, 5, 6, 7, 8, 9, 10, 11, 12, 13, 14, 15, 16, 17, 18, 19]","[11, 12, 13]"
19-08-14_YC015_probe2,874,[8],[8]
19-08-14_YC015_probe2,887,"[0, 1, 2, 3, 4, 5, 6, 7, 8, 9, 10, 11, 12, 13, 14, 15, 16, 17, 18, 19]","[17, 19, 18]"
19-08-14_YC015_probe2,905,"[1, 2, 5, 7, 9, 10, 11, 12, 13, 14, 15, 16, 17, 18, 19]","[10, 11, 12]"
19-08-14_YC015_probe2,931,"[0, 1, 2, 3, 4, 5, 6, 7, 8, 9, 10, 11, 12, 13, 14, 15, 16, 17, 18, 19]","[14, 15, 16]"
19-08-14_YC016_probe1,100,"[0, 1, 2, 3, 4, 5, 6, 7, 8, 9, 10, 11, 12, 13, 14, 15, 16, 17, 18, 19]","[1, 0, 2]"
19-08-14_YC016_probe1,102,"[0, 1, 2, 3, 4, 5, 6, 7, 8, 9, 10, 11, 12, 13, 14, 15, 16, 17, 18, 19]","[0, 1, 2]"
19-08-14_YC016_probe1,1020,[16],[16]
19-08-14_YC016_probe1,104,"[0, 1, 2, 3, 4, 5, 6, 7, 8, 9, 10, 11, 12, 13, 14, 15, 16, 17, 18, 19]","[7, 8, 9]"
19-08-14_YC016_probe1,1047,"[0, 1, 2, 3, 4, 5, 6, 7, 8, 9, 10, 11, 12, 13, 14, 15, 16, 17, 18, 19]","[10, 11, 12]"
19-08-14_YC016_probe1,1058,"[7, 11, 13, 16, 17, 19]",[7]
19-08-14_YC016_probe1,127,"[0, 1, 2, 3, 4, 5, 6, 7, 8, 9, 10, 11, 12, 13, 14, 15, 16, 17, 18, 19]","[2, 3, 4]"
19-08-14_YC016_probe1,134,"[0, 1, 2, 3, 4, 5, 6, 7, 8, 9, 10, 11, 12, 13, 14, 15, 16, 17, 18, 19]","[1, 0, 2]"
19-08-14_YC016_probe1,136,"[0, 2, 3, 4, 5, 6, 8, 9, 10, 15, 16, 17, 18]","[2, 3]"
19-08-14_YC016_probe1,142,"[0, 1, 2, 3, 4, 5, 6, 7, 8, 9, 10, 11, 12, 13, 14, 15, 16, 17, 18, 19]","[1, 0, 2]"
19-08-14_YC016_probe1,161,"[0, 1, 2, 3, 4, 5, 6, 7, 8, 9, 10, 11, 12, 13, 14, 15, 16, 17, 18, 19]","[14, 15, 16]"
19-08-14_YC016_probe1,162,"[0, 1, 2, 3, 4, 5, 6, 7, 8, 9, 10, 11, 12, 13, 14, 15, 16, 17, 18, 19]","[10, 11, 12]"
19-08-14_YC016_probe1,19,"[0, 1, 2, 3, 4, 5, 6, 7, 8, 9, 10, 11, 12, 13, 14, 15, 16, 17, 18, 19]","[17, 18, 19]"
19-08-14_YC016_probe1,210,"[0, 1, 2, 3, 4, 5, 6, 7, 8, 9, 10, 11, 12, 13, 14, 15, 16, 17, 18, 19]","[12, 13, 14]"
19-08-14_YC016_probe1,211,"[7, 8, 9, 10, 11, 12, 13, 14, 15, 16, 17, 18, 19]","[15, 16, 17]"
19-08-14_YC016_probe1,214,"[0, 1, 2, 3, 4, 5, 6, 7, 8, 9, 10, 11, 12, 13, 14, 15, 16, 17, 18, 19]","[12, 13, 14]"
19-08-14_YC016_probe1,268,"[7, 8, 9, 10, 11, 12, 13, 14, 15, 16, 17, 18]","[13, 14, 15]"
19-08-14_YC016_probe1,274,"[0, 1, 2, 3, 4, 5, 6, 7, 8, 9, 10, 11, 12, 13, 14, 15, 16, 17, 18, 19]","[1, 0, 2]"
19-08-14_YC016_probe1,276,"[0, 1, 2, 3, 4, 5, 6, 7, 8, 9, 10, 11, 12, 13, 14, 15, 16, 17, 18, 19]","[17, 19, 18]"
19-08-14_YC016_probe1,292,"[0, 1, 2, 3, 4, 5, 6, 7, 8, 9, 10, 11, 12, 13, 14, 15, 16, 17, 18, 19]","[17, 18, 19]"
19-08-14_YC016_probe1,296,"[0, 1, 2, 3, 4, 5, 6, 7, 8, 9, 10, 11, 12, 13, 14, 15, 16, 17, 18, 19]","[16, 17, 18]"
19-08-14_YC016_probe1,298,"[0, 1, 2, 3, 4, 5, 6, 7, 8, 9, 10, 11, 12, 13, 14, 15, 16, 17, 18, 19]","[12, 13, 14]"
19-08-14_YC016_probe1,299,"[0, 1, 2, 3, 4, 5, 6, 7, 8, 9, 10, 11, 12, 13, 14, 15, 16, 17, 18, 19]","[17, 18, 19]"
19-08-14_YC016_probe1,3,"[0, 1, 2, 3, 4, 5, 6, 7, 8, 9, 10, 11, 12, 13, 14, 15, 16, 17, 18, 19]","[16, 17, 18]"
19-08-14_YC016_probe1,301,"[0, 1, 2, 3, 4, 5, 6, 7, 8, 9, 10, 11, 12, 13, 14, 15, 16, 17, 18, 19]","[17, 18, 19]"
19-08-14_YC016_probe1,314,"[0, 1, 2, 3, 4, 5, 6, 7, 8, 9, 10, 11, 12, 13, 14, 15, 16, 17, 18, 19]","[6, 7, 8]"
19-08-14_YC016_probe1,470,"[0, 1, 2, 3, 4, 5, 6, 7, 8, 9, 10, 11, 12, 13, 14, 15, 16, 17, 18, 19]","[5, 6, 7]"
19-08-14_YC016_probe1,49,"[0, 1, 2, 3, 4, 5, 6, 7, 8, 9, 10, 11, 12, 13, 14, 15, 16, 17, 18, 19]","[9, 10, 11]"
19-08-14_YC016_probe1,490,"[0, 1, 2, 3, 5, 7, 8, 9, 10, 11, 12, 13, 14, 15, 16, 17, 18, 19]","[7, 8, 9]"
19-08-14_YC016_probe1,493,"[0, 1, 2, 3, 4, 5, 6, 7, 8, 9, 10, 11, 12, 13, 14, 15, 16, 17, 18, 19]","[16, 17, 18]"
19-08-14_YC016_probe1,497,"[0, 1, 2, 3, 4, 5, 6, 7, 8, 9, 10, 11, 12, 13, 14, 15, 16, 17, 18, 19]","[7, 8, 9]"
19-08-14_YC016_probe1,511,"[0, 1, 2, 3, 4, 5, 6, 7, 8, 9, 10, 11, 12, 13, 14, 15, 16, 17, 18, 19]","[17, 19, 18]"
19-08-14_YC016_probe1,526,"[1, 2, 3, 4, 5, 7, 8, 9, 10, 11, 12, 13, 14, 16, 17, 18, 19]","[1, 2, 3]"
19-08-14_YC016_probe1,527,"[0, 1, 2, 3, 4, 5, 6, 7, 8, 9, 10, 11, 12, 13, 14, 15, 16, 17, 18, 19]","[16, 17, 18]"
19-08-14_YC016_probe1,529,"[0, 1, 2, 3, 4, 5, 7, 8, 9, 10, 11, 12, 13, 14, 15, 16, 17, 18, 19]","[16, 17, 18]"
19-08-14_YC016_probe1,540,"[0, 1, 2, 3, 4, 5, 6, 7, 8, 9, 10, 11, 12, 13, 14, 15, 16, 17, 18, 19]","[6, 7, 8]"
19-08-14_YC016_probe1,59,"[0, 1, 2, 3, 4, 5, 6, 7, 8, 9, 10, 11, 12, 13, 14, 15, 16, 17, 18, 19]","[12, 13, 14]"
19-08-14_YC016_probe1,605,"[0, 1, 2, 3, 4, 5, 6, 7, 8, 9, 10, 11, 12, 13, 14, 15, 16, 17, 18, 19]","[17, 19, 18]"
19-08-14_YC016_probe1,65,"[0, 1, 2, 3, 4, 5, 6, 7, 8, 9, 10, 11, 12, 13, 14, 15, 16, 17, 18, 19]","[12, 13, 14]"
19-08-14_YC016_probe1,67,"[0, 1, 2, 3, 4, 5, 6, 7, 8, 9, 10, 11, 12, 13, 14, 15, 16, 17, 18, 19]","[0, 1, 2]"
19-08-14_YC016_probe1,714,"[2, 3, 4, 5, 6, 7, 8, 9, 10, 11, 12, 13, 14, 15, 17, 18]","[10, 11, 12]"
19-08-14_YC016_probe1,772,"[0, 1, 2, 3, 4, 5, 6, 7, 8, 9, 10, 11, 12, 13, 14, 15, 16, 17, 18, 19]","[9, 10, 11]"
19-08-14_YC016_probe1,83,"[0, 1, 2, 3, 4, 5, 6, 7, 8, 9, 10, 11, 12, 13, 14, 15, 16, 17, 18, 19]","[0, 1, 2]"
19-08-14_YC016_probe1,85,"[0, 1, 2, 3, 4, 5, 6, 7, 8, 9, 10, 11, 12, 13, 14, 15, 16, 17, 18, 19]","[13, 14, 15]"
19-08-14_YC016_probe1,871,"[0, 1, 2, 3, 4, 5, 6, 7, 8, 9, 10, 11, 12, 13, 14, 15, 16, 17, 18, 19]","[12, 13, 14]"
19-08-14_YC016_probe1,895,"[0, 1, 2, 3, 4, 5, 6, 7, 8, 9, 10, 11, 12, 13, 14, 15, 16, 17, 18, 19]","[14, 15, 16]"
19-08-14_YC016_probe1,9,"[0, 2, 3, 4, 5, 6, 7, 8, 9, 10, 11, 12, 13, 14, 15, 16, 17, 18, 19]","[2, 3, 4]"
19-08-14_YC016_probe1,904,"[0, 1, 2, 3, 4, 5, 6, 7, 8, 9, 10, 11, 12, 13, 14, 15, 16, 17, 18, 19]","[17, 19, 18]"
19-08-14_YC016_probe1,906,"[0, 1, 2, 3, 4, 5, 6, 7, 8, 9, 10, 11, 12, 13, 14, 15, 16, 17, 18, 19]","[12, 13, 14]"
19-08-14_YC016_probe1,927,"[0, 2, 4, 15, 16]",[4]
19-08-14_YC016_probe1,944,"[0, 1, 2, 3, 4, 5, 6, 7, 8, 9, 10, 11, 12, 13, 14, 15, 16, 17, 18, 19]","[17, 18, 19]"
19-08-14_YC016_probe1,95,"[0, 1, 2, 3, 4, 6, 7, 8, 9, 10, 11, 13, 14, 16, 17, 19]","[16, 17]"
19-08-14_YC016_probe1,953,"[0, 1, 2, 3, 4, 5, 6, 7, 8, 9, 10, 11, 12, 13, 14, 15, 16, 17, 18, 19]","[2, 3, 4]"
19-08-14_YC016_probe1,972,"[12, 18]",[12]
19-08-14_YC016_probe1,977,"[0, 1, 2, 3, 4, 5, 6, 7, 8, 9, 10, 11, 12, 13, 14, 15, 16, 17, 18, 19]","[17, 18, 19]"
19-08-14_YC016_probe1,99,"[0, 1, 2, 3, 4, 5, 6, 7, 8, 9, 10, 11, 12, 13, 14, 15, 16, 17, 18, 19]","[17, 19, 18]"
19-08-14_YC016_probe2,0,"[1, 2, 3, 4, 5, 6, 7, 8, 9, 10, 11, 12, 13, 14, 15, 16, 17, 18, 19]","[12, 13, 14]"
19-08-14_YC016_probe2,101,"[0, 1, 2, 3, 4, 5, 6, 7, 8, 9, 10, 11, 12, 13, 14, 15, 16, 17, 18, 19]","[17, 19, 18]"
19-08-14_YC016_probe2,119,"[0, 1, 2, 3, 4, 5, 6, 7, 8, 9, 10, 11, 12, 13, 14, 15, 16, 17, 18, 19]","[10, 11, 12]"
19-08-14_YC016_probe2,126,"[0, 1, 2, 3, 4, 5, 6, 7, 8, 9, 10, 11, 12, 13, 14, 15, 16, 17, 18, 19]","[17, 19, 18]"
19-08-14_YC016_probe2,131,"[0, 1, 2, 3, 4, 5, 6, 7, 8, 9, 10, 11, 12, 13, 14, 15, 16, 17, 18, 19]","[17, 19, 18]"
19-08-14_YC016_probe2,132,"[0, 1, 2, 3, 4, 5, 6, 7, 8, 9, 10, 11, 12, 13, 14, 15, 16, 17, 18, 19]","[17, 19, 18]"
19-08-14_YC016_probe2,135,"[0, 1, 2, 3, 4, 5, 6, 7, 8, 9, 10, 11, 12, 13, 14, 15, 16, 17, 18, 19]","[17, 19, 18]"
19-08-14_YC016_probe2,136,"[0, 1, 2, 3, 4, 5, 6, 7, 8, 9, 10, 11, 12, 13, 14, 15, 16, 17, 18, 19]","[16, 17, 18]"
19-08-14_YC016_probe2,154,"[0, 1, 2, 3, 4, 5, 6, 7, 8, 9, 10, 11, 12, 13, 14, 15, 16, 17, 18, 19]","[17, 19, 18]"
19-08-14_YC016_probe2,166,"[0, 1, 2, 3, 4, 5, 6, 7, 8, 9, 10, 11, 12, 13, 14, 15, 16, 17, 18, 19]","[16, 17, 18]"
19-08-14_YC016_probe2,167,"[0, 1, 2, 3, 4, 5, 6, 7, 8, 9, 10, 11, 12, 13, 14, 15, 16, 17, 18, 19]","[16, 17, 18]"
19-08-14_YC016_probe2,17,"[0, 1, 2, 3, 4, 5, 6, 7, 8, 9, 10, 11, 12, 13, 14, 15, 16, 17, 18, 19]","[1, 0, 2]"
19-08-14_YC016_probe2,171,"[0, 1, 2, 3, 4, 5, 6, 7, 8, 9, 10, 11, 12, 13, 14, 15, 16, 17, 18, 19]","[10, 11, 12]"
19-08-14_YC016_probe2,173,"[4, 5, 8, 9, 10, 12, 13, 14, 15, 16, 18, 19]","[13, 14, 15]"
19-08-14_YC016_probe2,178,"[0, 1, 2, 3, 4, 5, 6, 7, 8, 9, 10, 11, 12, 13, 14, 15, 16, 17, 18, 19]","[2, 3, 4]"
19-08-14_YC016_probe2,18,"[0, 1, 2, 3, 4, 6, 7, 8, 9, 10, 11, 12, 13, 14, 15, 16, 17, 18, 19]","[1, 0, 2]"
19-08-14_YC016_probe2,20,"[0, 1, 2, 3, 4, 5, 6, 7, 8, 9, 10, 11, 12, 13, 14, 15, 16, 17, 18, 19]","[11, 12, 13]"
19-08-14_YC016_probe2,206,"[0, 1, 2, 3, 4, 5, 6, 7, 8, 9, 10, 11, 12, 13, 14, 15, 16, 17, 18, 19]","[2, 3, 4]"
19-08-14_YC016_probe2,210,"[0, 1, 2, 3, 4, 5, 6, 7, 8, 9, 10, 11, 12, 13, 14, 15, 16, 17, 18, 19]","[6, 7, 8]"
19-08-14_YC016_probe2,211,"[5, 6, 9, 10, 11, 12, 13, 14, 15, 16, 17, 18, 19]","[17, 19, 18]"
19-08-14_YC016_probe2,216,"[0, 1, 2, 3, 4, 5, 6, 7, 8, 9, 10, 11, 12, 13, 14, 15, 16, 17, 18, 19]","[12, 13, 14]"
19-08-14_YC016_probe2,218,"[0, 1, 2, 3, 4, 5, 6, 7, 8, 9, 10, 11, 12, 13, 14, 15, 16, 17, 18, 19]","[7, 8, 9]"
19-08-14_YC016_probe2,22,"[0, 1, 2, 3, 4, 5, 6, 7, 8, 9, 10, 11, 12, 13, 14, 15, 16, 17, 18, 19]","[10, 11, 12]"
19-08-14_YC016_probe2,224,"[0, 1, 2, 3, 4, 5, 6, 7, 8, 9, 10, 11, 12, 13, 14, 15, 16, 17, 18, 19]","[10, 11, 12]"
19-08-14_YC016_probe2,227,"[0, 1, 2, 3, 4, 5, 6, 7, 8, 9, 10, 11, 12, 13, 14, 15, 16, 17, 18, 19]","[10, 11, 12]"
19-08-14_YC016_probe2,239,"[0, 1, 2, 3, 4, 5, 6, 7, 8, 9, 10, 11, 12, 13, 14, 15, 16, 17, 18, 19]","[17, 19, 18]"
19-08-14_YC016_probe2,243,"[0, 1, 2, 3, 4, 5, 6, 7, 8, 9, 10, 11, 12, 13, 14, 15, 16, 17, 18, 19]","[9, 10, 11]"
19-08-14_YC016_probe2,25,"[0, 1, 2, 3, 4, 5, 6, 7, 8, 9, 10, 11, 12, 13, 14, 15, 16, 17, 18, 19]","[0, 1, 2]"
19-08-14_YC016_probe2,26,"[0, 1, 2, 3, 4, 5, 6, 7, 8, 9, 10, 11, 12, 13, 14, 15, 16, 17, 18, 19]","[14, 15, 16]"
19-08-14_YC016_probe2,334,"[0, 1, 2, 3, 4, 5, 6, 7, 8, 9, 10, 11, 12, 13, 14, 15, 16, 17, 18, 19]","[14, 15, 16]"
19-08-14_YC016_probe2,344,"[0, 1, 2, 3, 4, 5, 6, 7, 8, 9, 10, 11, 12, 13, 14, 15, 16, 17, 18, 19]","[1, 2, 3]"
19-08-14_YC016_probe2,373,"[7, 8, 9, 11, 12, 13, 14, 17, 18, 19]","[11, 12, 13]"
19-08-14_YC016_probe2,377,"[0, 1, 2, 3, 4, 5, 6, 7, 8, 9, 10, 11, 12, 13, 14, 15, 16, 17, 18, 19]","[6, 7, 8]"
19-08-14_YC016_probe2,378,"[0, 1, 2, 3, 4, 5, 6, 7, 8, 9, 10, 11, 12, 13, 14, 15, 16, 17, 18, 19]","[17, 18, 19]"
19-08-14_YC016_probe2,404,"[0, 1, 2, 3, 4, 5, 6, 7, 8, 9, 10, 11, 12, 13, 14, 15, 16, 17, 18, 19]","[10, 11, 12]"
19-08-14_YC016_probe2,417,"[0, 1, 2, 3, 4, 5, 6, 7, 8, 9, 10, 11, 12, 13, 14, 15, 16, 17, 18, 19]","[17, 19, 18]"
19-08-14_YC016_probe2,418,"[0, 1, 2, 3, 4, 5, 6, 7, 8, 9, 10, 11, 12, 13, 14, 15, 16, 17, 18, 19]","[10, 11, 12]"
19-08-14_YC016_probe2,427,"[0, 1, 2, 3, 4, 5, 6, 7, 8, 9, 10, 11, 12, 13, 14, 15, 16, 17, 18, 19]","[5, 6, 7]"
19-08-14_YC016_probe2,429,"[0, 1, 2, 3, 4, 5, 6, 7, 8, 9, 10, 11, 12, 13, 14, 15, 16, 17, 18, 19]","[12, 13, 14]"
19-08-14_YC016_probe2,437,"[0, 1, 2, 3, 4, 5, 6, 7, 8, 9, 10, 11, 12, 13, 14, 15, 16, 17, 18, 19]","[10, 11, 12]"
19-08-14_YC016_probe2,442,"[0, 1, 2, 3, 4, 5, 6, 7, 8, 9, 10, 11, 12, 13, 15, 17, 18, 19]","[2, 3, 4]"
19-08-14_YC016_probe2,443,"[1, 2, 3, 4, 5, 7, 8, 9, 10, 11, 12, 13, 14, 15, 17, 18, 19]","[10, 11, 12]"
19-08-14_YC016_probe2,47,"[0, 1, 2, 3, 4, 5, 6, 7, 8, 9, 10, 11, 12, 13, 14, 15, 16, 17, 18, 19]","[16, 17, 18]"
19-08-14_YC016_probe2,490,"[0, 1, 2, 3, 4, 5, 6, 7, 8, 9, 10, 11, 12, 13, 14, 15, 16, 17, 18, 19]","[10, 11, 12]"
19-08-14_YC016_probe2,50,"[0, 1, 2, 3, 4, 5, 6, 7, 8, 9, 10, 11, 12, 13, 14, 15, 16, 17, 18, 19]","[16, 17, 18]"
19-08-14_YC016_probe2,501,"[0, 1, 2, 3, 4, 5, 6, 7, 8, 9, 10, 11, 12, 13, 14, 15, 16, 17, 18, 19]","[10, 11, 12]"
19-08-14_YC016_probe2,509,"[0, 2, 3, 4, 6, 7, 9, 11, 12, 13, 14, 16, 17, 18, 19]","[3, 4]"
19-08-14_YC016_probe2,511,"[0, 2, 3, 4, 5, 6, 7, 8, 9, 10, 11, 12, 13, 14, 15, 16, 18]","[2, 3]"
19-08-14_YC016_probe2,539,"[0, 1, 2, 3, 4, 5, 6, 7, 8, 9, 10, 11, 12, 13, 14, 15, 16, 17, 18, 19]","[1, 0, 2]"
19-08-14_YC016_probe2,544,"[0, 1, 2, 3, 4, 5, 6, 7, 8, 9, 10, 11, 12, 13, 14, 15, 16, 17, 18, 19]","[16, 17, 18]"
19-08-14_YC016_probe2,549,"[0, 1, 2, 3, 4, 5, 6, 7, 8, 9, 10, 11, 12, 13, 14, 15, 16, 17, 18, 19]","[0, 1, 2]"
19-08-14_YC016_probe2,553,"[0, 3, 4, 5, 6, 9, 10, 11, 12, 14, 15, 16, 17]","[3, 4]"
19-08-14_YC016_probe2,558,"[0, 1, 2, 3, 4, 5, 6, 7, 8, 9, 10, 11, 12, 13, 14, 15, 16, 17, 18, 19]","[10, 11, 12]"
19-08-14_YC016_probe2,56,"[0, 1, 2, 3, 4, 5, 6, 7, 8, 9, 10, 11, 12, 13, 14, 15, 16, 17, 18, 19]","[8, 9, 10]"
19-08-14_YC016_probe2,586,"[0, 1, 2, 3, 4, 5, 6, 7, 8, 9, 10, 11, 12, 13, 14, 15, 16, 17, 18, 19]","[6, 7, 8]"
19-08-14_YC016_probe2,591,"[0, 1, 2, 3, 4, 5, 6, 7, 8, 9, 10, 11, 12, 13, 14, 15, 16, 17, 18]","[10, 11, 12]"
19-08-14_YC016_probe2,598,"[0, 1, 2, 3, 4, 5, 6, 7, 8, 9, 10, 11, 12, 13, 14, 15, 16, 17, 18, 19]","[10, 11, 12]"
19-08-14_YC016_probe2,599,"[0, 1, 2, 3, 4, 5, 6, 7, 8, 9, 10, 11, 12, 13, 14, 15, 16, 17, 18, 19]","[17, 19, 18]"
19-08-14_YC016_probe2,613,"[0, 1, 2, 3, 4, 5, 6, 7, 8, 9, 10, 11, 12, 13, 14, 17, 18]","[10, 11, 12]"
19-08-14_YC016_probe2,62,"[0, 1, 2, 3, 4, 5, 6, 7, 8, 9, 10, 11, 12, 13, 14, 15, 16, 17, 18, 19]","[1, 0, 2]"
19-08-14_YC016_probe2,65,"[0, 1, 2, 3, 4, 5, 6, 7, 8, 9, 10, 11, 12, 13, 14, 15, 16, 17, 18, 19]","[10, 11, 12]"
19-08-14_YC016_probe2,66,"[0, 1, 2, 3, 4, 5, 6, 7, 8, 9, 10, 11, 12, 13, 14, 15, 16, 17, 18, 19]","[17, 19, 18]"
19-08-14_YC016_probe2,666,"[0, 2, 3, 4, 5, 6, 10, 18]","[5, 6]"
19-08-14_YC016_probe2,68,"[11, 12, 17]","[11, 12]"
19-08-14_YC016_probe2,69,"[0, 1, 3, 7, 8, 9, 10, 11, 12, 13, 14, 15, 16, 17, 18, 19]","[17, 19, 18]"
19-08-14_YC016_probe2,716,"[0, 1, 2, 3, 4, 5, 6, 7, 8, 9, 10, 11, 12, 13, 14, 15, 16, 17, 18, 19]","[10, 11, 12]"
19-08-14_YC016_probe2,74,"[0, 1, 2, 3, 4, 5, 6, 7, 8, 9, 10, 11, 12, 13, 14, 15, 16, 17, 18, 19]","[17, 18, 19]"
19-08-14_YC016_probe2,812,"[0, 1, 2, 3, 4, 5, 6, 7, 8, 9, 10, 11, 12, 13, 14, 15, 16, 17, 18, 19]","[10, 11, 12]"
19-08-14_YC016_probe2,814,"[0, 1, 2, 3, 4, 5, 6, 7, 8, 9, 10, 11, 12, 13, 14, 15, 16, 17, 18, 19]","[7, 8, 9]"
19-08-14_YC016_probe2,815,"[0, 1, 2, 3, 4, 6, 7, 8, 9, 11, 12, 13, 15, 16, 17, 19]","[2, 3, 4]"
19-08-14_YC016_probe2,825,"[0, 1, 2, 3, 4, 5, 6, 7, 8, 9, 10, 11, 12, 13, 14, 15, 16, 17, 18, 19]","[17, 18, 19]"
19-08-14_YC016_probe2,83,"[0, 1, 2, 3, 4, 5, 6, 7, 8, 9, 10, 11, 12, 13, 14, 15, 16, 17, 18, 19]","[14, 15, 16]"
19-08-14_YC016_probe2,834,"[0, 4, 5, 6, 7, 8, 9, 10, 11, 12, 13, 14, 15, 16, 17, 18, 19]","[16, 17, 18]"
19-08-14_YC016_probe2,846,"[2, 3, 7, 8, 9, 11, 12, 13, 14, 15, 16, 17, 18, 19]","[13, 14, 15]"
19-08-14_YC016_probe2,848,"[0, 1, 2, 3, 4, 5, 6, 7, 8, 9, 10, 11, 12, 13, 14, 15, 16, 17, 18, 19]","[10, 11, 12]"
19-08-14_YC016_probe2,849,"[0, 1, 2, 3, 4, 5, 6, 7, 8, 9, 10, 11, 12, 13, 14, 15, 16, 17, 18, 19]","[16, 17, 18]"
19-08-14_YC016_probe2,876,"[0, 1, 2, 3, 4, 5, 6, 7, 8, 9, 10, 11, 12, 13, 14, 15, 16, 17, 18, 19]","[7, 8, 9]"
19-08-14_YC016_probe2,881,"[0, 1, 2, 3, 4, 5, 6, 7, 8, 9, 10, 11, 12, 13, 14, 15, 16, 17, 18, 19]","[16, 17, 18]"
19-08-14_YC016_probe2,884,"[0, 1, 2, 3, 4, 5, 6, 7, 8, 9, 10, 11, 12, 13, 14, 15, 16, 17, 18, 19]","[16, 17, 18]"
19-08-14_YC016_probe2,91,"[0, 1, 2, 3, 4, 5, 6, 7, 8, 9, 10, 11, 12, 13, 14, 15, 16, 17, 18, 19]","[17, 19, 18]"
19-08-14_YC016_probe2,910,"[0, 1, 2, 3, 4, 5, 6, 7, 8, 9, 10, 11, 12, 13, 14, 15, 16, 17, 18, 19]","[10, 11, 12]"
19-08-14_YC016_probe2,938,"[0, 1, 2, 3, 4, 5, 6, 7, 8, 9, 10, 11, 12, 13, 14, 15, 16, 17, 18, 19]","[11, 12, 13]"
19-08-14_YC016_probe2,959,"[0, 1, 2, 3, 4, 5, 6, 7, 8, 9, 10, 11, 12, 13, 14, 15, 16, 17, 18, 19]","[0, 1, 2]"
19-08-14_YC016_probe2,964,"[0, 1, 2, 3, 4, 5, 6, 7, 8, 9, 10, 11, 12, 13, 14, 15, 16, 17, 18, 19]","[7, 8, 9]"
19-08-14_YC016_probe2,979,"[0, 1, 2, 3, 4, 5, 6, 7, 8, 9, 10, 11, 12, 13, 14, 15, 16, 17, 18, 19]","[10, 11, 12]"
19-08-14_YC016_probe2,993,"[0, 1, 2, 3, 4, 5, 6, 7, 8, 9, 10, 11, 12, 13, 14, 15, 16, 17, 18, 19]","[1, 0, 2]"
19-08-15_YC016_probe1,374,"[0, 1, 2, 3, 4, 5, 6, 7, 8, 9, 10, 11, 12, 13, 14, 15, 16, 17, 18, 19]","[13, 14, 15]"
19-08-15_YC016_probe1,41,"[0, 1, 2, 3, 4, 5, 6, 7, 8, 9, 10, 11, 12, 13, 14, 15, 16, 17, 18, 19]","[0, 1, 2]"
19-08-15_YC016_probe1,485,"[0, 1, 2, 3, 4, 5, 6, 7, 8, 9, 10, 11, 12, 13, 14, 15, 16, 17, 18, 19]","[9, 10, 11]"
19-08-15_YC016_probe1,527,"[0, 1, 2, 3, 4, 5, 6, 7, 8, 9, 10, 11, 12, 13, 14, 15, 16, 17, 18, 19]","[4, 5, 6]"
19-08-15_YC016_probe1,530,"[0, 1, 2, 3, 4, 5, 6, 7, 8, 9, 10, 11, 12, 13, 14, 15, 16, 17, 18, 19]","[0, 1, 2]"
19-08-15_YC016_probe1,59,"[0, 1, 2, 3, 4, 5, 6, 7, 8, 9, 10, 11, 12, 13, 14, 15, 16, 17, 18, 19]","[0, 1, 2]"
19-08-15_YC016_probe1,65,"[0, 1, 2, 3, 4, 5, 6, 7, 8, 9, 11, 12, 13, 14, 15, 16, 17, 19]",[19]
19-08-15_YC016_probe1,66,"[0, 1, 2, 3, 4, 5, 6, 7, 8, 9, 10, 11, 12, 13, 14, 15, 16, 17, 18, 19]","[0, 1, 2]"
19-08-15_YC016_probe1,72,"[0, 1, 2, 3, 4, 5, 6, 7, 8, 9, 10, 11, 12, 13, 14, 15, 16, 17, 18, 19]","[17, 19, 18]"
19-08-15_YC016_probe1,80,"[0, 1, 2, 3, 4, 5, 6, 7, 8, 9, 10, 11, 12, 13, 14, 15, 16, 17, 18, 19]","[2, 3, 4]"
19-08-15_YC016_probe1,85,"[0, 1, 2, 3, 4, 5, 6, 7, 8, 9, 10, 11, 12, 13, 14, 15, 16, 17, 18, 19]","[12, 13, 14]"
19-08-15_YC016_probe1,86,"[0, 1, 2, 3, 4, 5, 6, 7, 8, 9, 10, 11, 12, 13, 14, 15, 16, 17, 18, 19]","[13, 14, 15]"
19-08-15_YC016_probe1,9,"[0, 1, 2, 3, 4, 5, 6, 7, 8, 9, 10, 11, 12, 13, 14, 15, 16, 17, 18, 19]","[13, 14, 15]"
19-08-15_YC016_probe1,90,"[0, 1, 2, 3, 4, 5, 6, 7, 8, 9, 10, 11, 12, 13, 14, 15, 16, 17, 18, 19]","[17, 19, 18]"
19-08-15_YC016_probe1,92,"[0, 1, 2, 3, 4, 5, 6, 7, 8, 9, 10, 11, 12, 13, 14, 15, 16, 17, 18, 19]","[12, 13, 14]"
19-08-15_YC016_probe1,95,"[0, 1, 2, 3, 4, 5, 6, 7, 8, 9, 10, 11, 12, 13, 14, 15, 16, 17, 18, 19]","[10, 11, 12]"
19-08-16_YC014_probe1,104,"[0, 1, 2, 3, 4, 5, 6, 7, 8, 9, 10, 11, 12, 13, 14, 15, 16, 17, 18, 19]","[16, 17, 18]"
19-08-16_YC014_probe1,147,"[0, 6, 7, 8, 9, 10, 11, 12, 13, 14, 15, 16, 17, 18, 19]","[17, 18, 19]"
19-08-16_YC014_probe1,150,"[10, 11, 12, 13, 14, 15, 16, 17, 18, 19]","[17, 18, 19]"
19-08-16_YC014_probe1,184,"[9, 10, 11, 12, 13, 14, 15, 16, 17, 18, 19]","[16, 17, 18]"
19-08-16_YC014_probe1,187,"[6, 7, 8, 9, 10, 11, 12, 13, 14, 15, 16, 17, 18, 19]","[16, 17, 18]"
19-08-16_YC014_probe1,188,"[0, 1, 2, 3, 4, 5, 6, 7, 8, 9, 10, 11, 12, 13, 14, 15, 16, 17, 18, 19]","[16, 17, 18]"
19-08-16_YC014_probe1,201,"[0, 2, 6, 8, 9, 10, 11, 12, 13, 14, 15, 16, 17, 18, 19]","[16, 17, 18]"
19-08-16_YC014_probe1,203,"[0, 1, 2, 3, 4, 5, 6, 7, 8, 9, 10, 11, 12, 13, 14, 15, 16, 17, 18, 19]","[16, 17, 18]"
19-08-16_YC014_probe1,205,"[9, 12, 13, 14, 15, 17, 18, 19]","[17, 19, 18]"
19-08-16_YC014_probe1,208,"[0, 1, 2, 3, 4, 5, 6, 7, 8, 9, 10, 11, 12, 13, 14, 15, 16, 17, 18, 19]","[16, 17, 18]"
19-08-16_YC014_probe1,209,"[1, 2, 3, 4, 5, 6, 7, 8, 9, 10, 12, 13, 14, 15, 16, 17, 18, 19]","[1, 2]"
19-08-16_YC014_probe1,221,"[9, 10, 11, 12, 14, 16, 17, 18, 19]","[16, 17, 18]"
19-08-16_YC014_probe1,253,"[0, 1, 2, 3, 4, 5, 6, 7, 8, 9, 11, 12, 13, 14, 15, 16, 17, 18, 19]","[8, 9]"
19-08-16_YC014_probe1,258,"[0, 1, 2, 3, 4, 5, 6, 7, 8, 9, 10, 11, 12, 13, 14, 15, 16, 17, 18, 19]","[8, 9, 10]"
19-08-16_YC014_probe1,267,"[0, 3, 5, 6, 8, 9, 10, 11, 12, 14, 15, 16, 17, 18, 19]","[15, 16, 17]"
19-08-16_YC014_probe1,273,"[0, 1, 2, 3, 4, 5, 6, 7, 8, 9, 10, 11, 12, 13, 14, 15, 17, 18, 19]","[4, 5, 6]"
19-08-16_YC014_probe1,281,"[0, 1, 2, 3, 4, 5, 6, 7, 8, 9, 10, 11, 12, 13, 14, 15, 16, 17, 18, 19]","[17, 19, 18]"
19-08-16_YC014_probe1,283,"[0, 1, 2, 4, 5, 6, 7, 8, 9, 10, 11, 12, 13, 14, 15, 16, 17, 18, 19]","[17, 18, 19]"
19-08-16_YC014_probe1,285,"[0, 2, 5, 6, 7, 8, 9, 10, 11, 12, 13, 14, 15, 16, 17, 18, 19]","[16, 17, 18]"
19-08-16_YC014_probe1,286,"[1, 2, 3, 4, 5, 6, 7, 8, 13, 14, 15, 16, 17]","[13, 14]"
19-08-16_YC014_probe1,323,"[0, 1, 2, 3, 4, 5, 6, 7, 8, 9, 10, 11, 13, 14, 15, 16, 17, 18, 19]","[15, 16, 17]"
19-08-16_YC014_probe1,325,"[0, 2, 5, 6, 7, 8, 9, 10, 11, 12, 13, 14, 15, 16, 17, 18, 19]","[15, 16, 17]"
19-08-16_YC014_probe1,329,"[0, 1, 2, 3, 4, 5, 6, 7, 8, 9, 10, 11, 12, 13, 14, 15, 16, 17, 18, 19]","[16, 17, 18]"
19-08-16_YC014_probe1,335,"[1, 2, 3, 4, 5, 6, 7, 8, 10, 13, 14, 15, 16, 17, 18, 19]","[5, 6, 7]"
19-08-16_YC014_probe1,342,"[0, 1, 2, 3, 4, 5, 6, 7, 8, 9, 10, 11, 12, 14, 15, 16, 17, 18, 19]","[15, 16, 17]"
19-08-16_YC014_probe1,344,"[0, 1, 2, 3, 4, 5, 6, 7, 8, 9, 10, 11, 12, 13, 14, 15, 16, 17, 18, 19]","[16, 17, 18]"
19-08-16_YC014_probe1,346,"[0, 1, 2, 3, 4, 5, 6, 7, 8, 9, 10, 11, 12, 13, 14, 15, 16, 17, 18, 19]","[16, 17, 18]"
19-08-16_YC014_probe1,350,"[0, 1, 2, 3, 4, 5, 6, 7, 8, 9, 10, 11, 12, 13, 14, 15, 16, 17, 18, 19]","[16, 17, 18]"
19-08-16_YC014_probe1,36,"[0, 1, 2, 3, 4, 5, 6, 7, 8, 9, 10, 11, 12, 13, 14, 15, 16, 17, 18, 19]","[11, 12, 13]"
19-08-16_YC014_probe1,389,"[0, 1, 2, 3, 4, 5, 6, 7, 8, 9, 10, 11, 12, 13, 14, 15, 16, 17, 18, 19]","[8, 9, 10]"
19-08-16_YC014_probe1,39,"[0, 1, 2, 3, 4, 5, 6, 7, 8]","[0, 1, 2]"
19-08-16_YC014_probe1,396,"[0, 1, 2, 3, 4, 5, 6, 7, 8, 9, 10, 11, 12, 13, 14, 15, 16, 17, 18, 19]","[17, 18, 19]"
19-08-16_YC014_probe1,40,"[0, 1, 2, 3, 4, 5, 6, 7, 8, 9, 10, 11, 12, 13, 14, 15, 16, 17, 18, 19]","[10, 11, 12]"
19-08-16_YC014_probe1,41,"[0, 1, 2, 3, 4, 5, 6, 7, 8, 9, 10, 11, 12, 13, 14, 15, 16, 17, 18, 19]","[16, 17, 18]"
19-08-16_YC014_probe1,43,"[0, 1, 2, 3, 4, 5, 6, 7, 8, 9, 10, 11, 12, 13, 14, 15, 16, 17, 18, 19]","[10, 11, 12]"
19-08-16_YC014_probe1,46,"[0, 1, 2, 3, 4, 5, 6, 7, 8, 9, 10, 11, 12, 13, 14, 15, 16, 17, 18, 19]","[14, 15, 16]"
19-08-16_YC014_probe1,462,"[0, 1, 2, 3, 4, 5, 6, 7, 8, 9, 10, 11, 12, 13, 14, 15, 16, 17, 18, 19]","[16, 17, 18]"
19-08-16_YC014_probe1,49,"[0, 1, 2, 3, 4, 5, 6, 7, 8, 9, 10, 11, 12, 13, 14, 15, 16, 17, 18, 19]","[15, 16, 17]"
19-08-16_YC014_probe1,61,"[0, 1, 2, 3, 4, 5, 6, 7, 8, 9, 10, 11, 12, 13, 14, 15, 16, 17, 18, 19]","[17, 18, 19]"
19-08-16_YC014_probe1,75,"[0, 1, 2, 3, 4, 5, 6, 7, 8, 9, 10, 11, 12, 13, 14, 15, 16, 17, 18, 19]","[12, 13, 14]"
19-08-16_YC014_probe1,79,"[0, 1, 2, 3, 4, 5, 6, 7]","[5, 6, 7]"
19-08-16_YC014_probe1,87,"[0, 1, 2, 3, 4, 5, 6, 7, 8, 9, 10, 11, 12, 13, 14, 15, 16, 17, 18, 19]","[11, 12, 13]"
19-08-16_YC014_probe1,98,"[1, 3, 4, 5, 7, 8, 9, 10, 11, 12, 13, 14, 15, 16, 17, 18, 19]","[17, 19, 18]"
19-08-16_YC015_probe1,18,"[0, 1, 2, 3, 4, 5, 6, 7, 8, 9, 10, 11, 12, 13, 14, 15, 16, 17, 18, 19]","[8, 9, 10]"
19-08-16_YC015_probe1,19,"[0, 1, 2, 3, 4, 5, 6, 7, 8, 9, 10, 11, 12, 13, 14, 15, 16, 17, 18, 19]","[8, 9, 10]"
19-08-16_YC015_probe1,2,"[2, 5, 6, 8, 9, 10, 11, 12, 13, 14, 15, 16, 17, 18, 19]","[16, 17, 18]"
19-08-16_YC015_probe1,27,"[0, 1, 2, 3, 4, 5, 6, 7, 8, 9, 10, 11, 12, 13, 14, 15, 16, 17, 18, 19]","[17, 19, 18]"
19-08-16_YC015_probe1,6,"[0, 1, 2, 3, 4, 5, 6, 7, 8, 9, 10, 11, 12, 13, 14, 15, 16, 17, 18, 19]","[7, 8, 9]"
19-09-30_YC017_probe1,104,"[0, 1, 2, 3, 4, 5, 6, 7, 8, 9, 10, 11, 12, 13, 14, 15, 16, 17, 18, 19]","[4, 5, 6]"
19-09-30_YC017_probe1,111,"[0, 1, 2, 3, 4, 5, 6, 7, 8, 9, 10, 11, 12, 13, 14, 15, 16, 17, 18, 19]","[17, 19, 18]"
19-09-30_YC017_probe1,119,"[0, 1, 2, 3, 4, 5, 6, 7, 8, 9, 10, 11, 12, 13, 14, 15, 16, 17, 18, 19]","[17, 19, 18]"
19-09-30_YC017_probe1,124,"[0, 1, 2, 3, 4, 5, 6, 7, 8, 9, 10, 11, 12, 13, 14, 15, 16, 17, 18, 19]","[17, 19, 18]"
19-09-30_YC017_probe1,127,"[0, 1, 2, 3, 4, 5, 6, 7, 8, 9, 10, 11, 12, 13, 14, 15, 16, 17, 18, 19]","[17, 19, 18]"
19-09-30_YC017_probe1,141,"[0, 1, 2, 3, 4, 5, 6, 7, 8, 9, 10, 11, 12, 13, 14, 15, 16, 17, 18, 19]","[11, 12, 13]"
19-09-30_YC017_probe1,147,"[0, 1, 2, 3, 4, 5, 6, 7, 8, 9, 10, 11, 12, 13, 14, 15, 16, 17, 18, 19]","[17, 19, 18]"
19-09-30_YC017_probe1,16,"[0, 1, 2, 3, 4, 5, 6, 7, 8, 9, 10, 11, 12, 13, 14, 15, 16, 17, 18, 19]","[14, 15, 16]"
19-09-30_YC017_probe1,163,"[0, 1, 2, 3, 4, 5, 6, 7, 8, 9, 10, 11, 12, 13, 14, 15, 16, 17, 18, 19]","[13, 14, 15]"
19-09-30_YC017_probe1,17,"[0, 1, 2, 3, 4, 5, 6, 7, 8, 9, 10, 11, 12, 13, 14, 15, 16, 17, 18, 19]","[15, 16, 17]"
19-09-30_YC017_probe1,177,"[0, 1, 2, 3, 4, 5, 6, 7, 8, 9, 10, 11, 12, 13, 14, 15, 16, 17, 18, 19]","[9, 10, 11]"
19-09-30_YC017_probe1,186,"[0, 1, 2, 3, 4, 5, 6, 7, 8, 9, 10, 11, 12, 13, 14, 15, 16, 17, 18, 19]","[17, 19, 18]"
19-09-30_YC017_probe1,19,"[0, 1, 2, 3, 4, 5, 6, 7, 8, 9, 10, 11, 12, 13, 14, 15, 16, 17, 18, 19]","[17, 19, 18]"
19-09-30_YC017_probe1,2,"[1, 3, 5, 8, 9]","[8, 9]"
19-09-30_YC017_probe1,21,"[0, 1, 2, 3, 4, 5, 6, 7, 8, 9, 10, 11, 12, 13, 14, 15, 16, 17, 18, 19]","[14, 15, 16]"
19-09-30_YC017_probe1,211,"[0, 1, 2, 3, 4, 5, 6, 7, 8, 9, 10, 11, 12, 13, 14, 15, 16, 17, 18, 19]","[17, 19, 18]"
19-09-30_YC017_probe1,231,"[0, 1, 2, 3, 4, 5, 6, 7, 8, 9, 10, 11, 12, 13, 14, 15, 16, 17, 18, 19]","[13, 14, 15]"
19-09-30_YC017_probe1,235,"[0, 1, 2, 3, 4, 5, 6, 7, 8, 9, 10, 11, 12, 13, 14, 15, 16, 17, 18, 19]","[11, 12, 13]"
19-09-30_YC017_probe1,243,"[0, 1, 2, 3, 4, 5, 6, 7, 8, 9, 10, 11, 12, 13, 14, 15, 16, 17, 18, 19]","[0, 1, 2]"
19-09-30_YC017_probe1,247,"[0, 1, 2, 3, 4, 5, 6, 7, 8, 9, 10, 11, 12, 13, 14, 15, 16, 17, 18, 19]","[12, 13, 14]"
19-09-30_YC017_probe1,259,"[0, 1, 2, 3, 4, 5, 6, 7, 8, 9, 10, 11, 12, 13, 14, 15, 16, 17, 18, 19]","[17, 19, 18]"
19-09-30_YC017_probe1,268,"[0, 1, 2, 3, 4, 5, 6, 7, 8, 9, 10, 11, 12, 13, 14, 15, 16, 17, 18, 19]","[9, 10, 11]"
19-09-30_YC017_probe1,278,"[0, 1, 2, 3, 4, 5, 6, 7, 8, 9, 10, 11, 12, 13, 14, 15, 16, 17, 18, 19]","[12, 13, 14]"
19-09-30_YC017_probe1,3,"[0, 1, 2, 3, 4, 5, 6, 7, 8, 9, 10, 11, 12, 13, 14, 15, 16, 17, 18, 19]","[12, 13, 14]"
19-09-30_YC017_probe1,302,"[0, 1, 2, 3, 4, 5, 6, 7, 8, 9, 10, 11, 12, 13, 14, 15, 16, 17, 18, 19]","[17, 19, 18]"
19-09-30_YC017_probe1,305,"[0, 1, 2, 3, 4, 5, 6, 7, 8, 9, 10, 11, 12, 13, 14, 15, 16, 17, 18, 19]","[4, 5, 6]"
19-09-30_YC017_probe1,314,"[1, 2, 3, 4, 5, 6, 7, 8, 9, 10, 11, 12, 13, 14, 15, 16, 17, 18, 19]","[14, 15, 16]"
19-09-30_YC017_probe1,322,"[0, 1, 2, 3, 4, 5, 6, 7, 8, 9, 10, 11, 12, 13, 14, 15, 16, 17, 18, 19]","[17, 18, 19]"
19-09-30_YC017_probe1,328,"[0, 1, 2, 3, 4, 5, 6, 7, 8, 9, 10, 11, 12, 13, 14, 15, 16, 17, 18, 19]","[12, 13, 14]"
19-09-30_YC017_probe1,35,"[0, 1, 3, 6, 17, 19]",[19]
19-09-30_YC017_probe1,37,"[0, 1, 2, 3, 4, 5, 6, 7, 8, 9, 10, 11, 12, 13, 14, 15, 16, 17, 18, 19]","[14, 15, 16]"
19-09-30_YC017_probe1,370,"[1, 2, 3, 4, 5, 6, 7, 8, 9, 10, 11, 12, 13, 14, 15, 16, 17, 18, 19]","[13, 14, 15]"
19-09-30_YC017_probe1,376,"[0, 1, 2]","[0, 1, 2]"
19-09-30_YC017_probe1,381,"[3, 4, 5, 6, 7, 8, 9, 10, 11, 12, 13, 14, 15, 16, 17, 18, 19]","[17, 19, 18]"
19-09-30_YC017_probe1,391,"[0, 1, 2, 3, 4, 5, 6, 7, 8, 9, 10, 11, 12, 13, 14, 15, 16, 17, 18, 19]","[9, 10, 11]"
19-09-30_YC017_probe1,393,"[0, 1, 2, 3, 4, 5, 6, 7, 8, 9, 10, 11, 12, 13, 14, 15, 16, 17, 18, 19]","[11, 12, 13]"
19-09-30_YC017_probe1,409,"[0, 1, 2, 3, 4, 5, 6, 7, 8, 9, 10, 11, 12, 13, 14, 15, 16, 17, 18, 19]","[17, 19, 18]"
19-09-30_YC017_probe1,417,"[0, 1, 2, 3, 4, 5, 6, 7, 8, 9, 10, 11, 12, 13, 14, 15, 16, 17, 18, 19]","[12, 13, 14]"
19-09-30_YC017_probe1,418,"[0, 1, 2, 3, 4, 5, 6, 7, 8, 9, 10, 11, 12, 13, 14, 15, 16, 17, 18, 19]","[12, 13, 14]"
19-09-30_YC017_probe1,441,"[0, 1, 2, 3, 4, 5, 6, 7, 8, 9, 10, 11, 12, 13, 14, 15, 16, 17, 18, 19]","[12, 13, 14]"
19-09-30_YC017_probe1,481,"[0, 1, 2, 3, 4, 5, 6, 7, 8, 9, 10, 11, 12, 13, 14]","[12, 13, 14]"
19-09-30_YC017_probe1,529,"[0, 1, 2, 3, 4, 5, 6, 7, 8, 9, 10, 11, 12, 13, 14, 15, 16, 17, 18, 19]","[14, 15, 16]"
19-09-30_YC017_probe1,532,"[0, 1, 2, 3, 4, 5, 6, 7, 8, 9, 10, 11, 12, 13, 14, 15, 16, 17, 18, 19]","[17, 19, 18]"
19-09-30_YC017_probe1,539,"[0, 1, 2, 3, 4, 5, 6, 7, 8, 9, 10, 11, 12, 13, 14, 15, 16, 17, 18, 19]","[0, 1, 2]"
19-09-30_YC017_probe1,596,"[1, 2, 3, 4, 5, 6, 7, 8, 9, 10, 11, 12, 14, 15, 17]","[9, 10, 11]"
19-09-30_YC017_probe1,600,"[0, 1, 2, 3, 4, 5, 6, 7, 8, 9, 10, 11, 12, 13, 14, 15, 16, 17, 18, 19]","[17, 19, 18]"
19-09-30_YC017_probe1,605,"[0, 1, 2, 3, 4, 5, 6, 7, 8, 9, 10, 11, 12, 13, 14, 15, 16, 17, 18, 19]","[0, 1, 2]"
19-09-30_YC017_probe1,652,"[0, 1, 2, 3, 4, 5, 6, 7, 8, 9, 10, 11, 12, 13, 14, 15, 16, 17, 18, 19]","[17, 19, 18]"
19-09-30_YC017_probe1,654,"[2, 5, 6, 7, 8, 9, 10, 11, 12, 13, 14, 15, 16, 17, 18, 19]","[5, 6, 7]"
19-09-30_YC017_probe1,666,"[0, 1, 2, 3, 4, 5, 6, 7, 9, 10, 11, 12, 16]",[16]
19-09-30_YC017_probe1,670,"[0, 1, 2, 3, 4, 5, 6, 7, 8, 9, 10, 11, 12, 13, 14, 15, 16, 17, 18, 19]","[2, 3, 4]"
19-09-30_YC017_probe1,74,"[0, 1, 2, 3, 4, 5, 6, 7, 8, 9, 10, 11, 12, 13, 14, 15, 16, 17, 18, 19]","[17, 19, 18]"
19-09-30_YC017_probe1,745,"[0, 1, 2, 3, 4, 5, 6, 7, 8, 9, 10, 11, 12, 13, 14, 15, 16, 17, 18, 19]","[12, 13, 14]"
19-09-30_YC017_probe1,773,"[1, 2, 3, 4, 5, 6, 7, 8, 9, 10, 11, 12, 13, 14, 15, 16, 17, 18, 19]","[17, 19, 18]"
19-09-30_YC017_probe1,842,"[0, 1, 2, 3, 4, 5, 6, 7, 8, 9, 10, 11, 12, 13, 14, 15, 16, 17, 18, 19]","[12, 13, 14]"
19-09-30_YC017_probe1,844,"[0, 1, 2, 3, 4, 5, 6, 7, 8, 9, 10, 11, 12, 13, 14, 15, 16, 17, 18, 19]","[2, 3, 4]"
19-09-30_YC017_probe1,867,"[0, 1, 3]","[1, 0]"
19-09-30_YC017_probe1,889,"[1, 2, 3, 4, 5, 6, 7, 8, 9, 10, 11, 12, 13, 14, 15, 16, 17, 18, 19]","[17, 19, 18]"
19-09-30_YC017_probe1,923,"[0, 1, 2, 3, 4, 5, 6, 7, 8, 9, 10, 11, 12, 13, 14, 15, 16, 17, 18, 19]","[12, 13, 14]"
19-09-30_YC017_probe1,950,"[0, 1, 2, 3, 4, 5, 6, 7, 8, 9, 10, 11, 12, 13, 14, 15, 16, 17, 18, 19]","[17, 19, 18]"
